timestamp,metric_name,gpu_id,device,uuid,modelName,Hostname,container,pod,namespace,value,labels_raw
"2025-07-18T20:42:34Z","DCGM_FI_DEV_GPU_UTIL","0","nvidia0","GPU-5fd4f087-86f3-7a43-b711-4771313afc50","NVIDIA H100 80GB HBM3","mtv5-dgx1-hgpu-031","","","","0","DCGM_FI_DRIVER_VERSION=""535.129.03"",Hostname=""mtv5-dgx1-hgpu-031"",UUID=""GPU-5fd4f087-86f3-7a43-b711-4771313afc50"",__name__=""DCGM_FI_DEV_GPU_UTIL"",device=""nvidia0"",gpu=""0"",instance=""mtv5-dgx1-hgpu-031:9400"",job=""dgx_dcgm_exporter"",modelName=""NVIDIA H100 80GB HBM3"""
"2025-07-18T20:42:34Z","DCGM_FI_DEV_GPU_UTIL","1","nvidia1","GPU-bc7a12ab-4998-fdc5-0785-2678a929a142","NVIDIA H100 80GB HBM3","mtv5-dgx1-hgpu-031","","","","100","DCGM_FI_DRIVER_VERSION=""535.129.03"",Hostname=""mtv5-dgx1-hgpu-031"",UUID=""GPU-bc7a12ab-4998-fdc5-0785-2678a929a142"",__name__=""DCGM_FI_DEV_GPU_UTIL"",device=""nvidia1"",gpu=""1"",instance=""mtv5-dgx1-hgpu-031:9400"",job=""dgx_dcgm_exporter"",modelName=""NVIDIA H100 80GB HBM3"""
"2025-07-18T20:42:34Z","DCGM_FI_DEV_GPU_UTIL","2","nvidia2","GPU-6c8915d7-f04d-beb9-3e8a-e06f97ca4480","NVIDIA H100 80GB HBM3","mtv5-dgx1-hgpu-031","","","","0","DCGM_FI_DRIVER_VERSION=""535.129.03"",Hostname=""mtv5-dgx1-hgpu-031"",UUID=""GPU-6c8915d7-f04d-beb9-3e8a-e06f97ca4480"",__name__=""DCGM_FI_DEV_GPU_UTIL"",device=""nvidia2"",gpu=""2"",instance=""mtv5-dgx1-hgpu-031:9400"",job=""dgx_dcgm_exporter"",modelName=""NVIDIA H100 80GB HBM3"""
"2025-07-18T20:42:34Z","DCGM_FI_DEV_GPU_UTIL","3","nvidia3","GPU-9ba418e1-59be-2f2e-6031-e3f6b7c64ad7","NVIDIA H100 80GB HBM3","mtv5-dgx1-hgpu-031","","","","0","DCGM_FI_DRIVER_VERSION=""535.129.03"",Hostname=""mtv5-dgx1-hgpu-031"",UUID=""GPU-9ba418e1-59be-2f2e-6031-e3f6b7c64ad7"",__name__=""DCGM_FI_DEV_GPU_UTIL"",device=""nvidia3"",gpu=""3"",instance=""mtv5-dgx1-hgpu-031:9400"",job=""dgx_dcgm_exporter"",modelName=""NVIDIA H100 80GB HBM3"""
"2025-07-18T20:42:34Z","DCGM_FI_DEV_GPU_UTIL","5","nvidia5","GPU-557ab48c-efdb-8390-2d6f-ac4248d9442c","NVIDIA H100 80GB HBM3","mtv5-dgx1-hgpu-031","","","","97","DCGM_FI_DRIVER_VERSION=""535.129.03"",Hostname=""mtv5-dgx1-hgpu-031"",UUID=""GPU-557ab48c-efdb-8390-2d6f-ac4248d9442c"",__name__=""DCGM_FI_DEV_GPU_UTIL"",device=""nvidia5"",gpu=""5"",instance=""mtv5-dgx1-hgpu-031:9400"",job=""dgx_dcgm_exporter"",modelName=""NVIDIA H100 80GB HBM3"""
"2025-07-18T20:42:34Z","DCGM_FI_DEV_GPU_UTIL","6","nvidia6","GPU-36d6a969-caf0-2674-26d9-1eb517893df7","NVIDIA H100 80GB HBM3","mtv5-dgx1-hgpu-031","","","","99","DCGM_FI_DRIVER_VERSION=""535.129.03"",Hostname=""mtv5-dgx1-hgpu-031"",UUID=""GPU-36d6a969-caf0-2674-26d9-1eb517893df7"",__name__=""DCGM_FI_DEV_GPU_UTIL"",device=""nvidia6"",gpu=""6"",instance=""mtv5-dgx1-hgpu-031:9400"",job=""dgx_dcgm_exporter"",modelName=""NVIDIA H100 80GB HBM3"""
"2025-07-18T20:42:34Z","DCGM_FI_DEV_GPU_UTIL","7","nvidia7","GPU-b5387370-388a-86d4-0fce-6dcb9230dbaa","NVIDIA H100 80GB HBM3","mtv5-dgx1-hgpu-031","","","","0","DCGM_FI_DRIVER_VERSION=""535.129.03"",Hostname=""mtv5-dgx1-hgpu-031"",UUID=""GPU-b5387370-388a-86d4-0fce-6dcb9230dbaa"",__name__=""DCGM_FI_DEV_GPU_UTIL"",device=""nvidia7"",gpu=""7"",instance=""mtv5-dgx1-hgpu-031:9400"",job=""dgx_dcgm_exporter"",modelName=""NVIDIA H100 80GB HBM3"""
"2025-07-18T20:42:34Z","DCGM_FI_DEV_GPU_UTIL","0","nvidia0","GPU-b4ad303b-8791-c856-5bb1-0a4339177bea","NVIDIA H100 80GB HBM3","mtv5-dgx1-hgpu-022","","","","0","DCGM_FI_DRIVER_VERSION=""535.129.03"",Hostname=""mtv5-dgx1-hgpu-022"",UUID=""GPU-b4ad303b-8791-c856-5bb1-0a4339177bea"",__name__=""DCGM_FI_DEV_GPU_UTIL"",device=""nvidia0"",gpu=""0"",instance=""mtv5-dgx1-hgpu-022:9400"",job=""dgx_dcgm_exporter"",modelName=""NVIDIA H100 80GB HBM3"""
"2025-07-18T20:42:34Z","DCGM_FI_DEV_GPU_UTIL","1","nvidia1","GPU-529a3da3-2af6-348e-b642-8646649af9a4","NVIDIA H100 80GB HBM3","mtv5-dgx1-hgpu-022","","","","0","DCGM_FI_DRIVER_VERSION=""535.129.03"",Hostname=""mtv5-dgx1-hgpu-022"",UUID=""GPU-529a3da3-2af6-348e-b642-8646649af9a4"",__name__=""DCGM_FI_DEV_GPU_UTIL"",device=""nvidia1"",gpu=""1"",instance=""mtv5-dgx1-hgpu-022:9400"",job=""dgx_dcgm_exporter"",modelName=""NVIDIA H100 80GB HBM3"""
"2025-07-18T20:42:34Z","DCGM_FI_DEV_GPU_UTIL","0","nvidia0","GPU-975edf99-5c0a-9db9-3732-0711e20e77e5","NVIDIA H100 80GB HBM3","mtv5-dgx1-hgpu-010","","","","0","DCGM_FI_DRIVER_VERSION=""535.129.03"",Hostname=""mtv5-dgx1-hgpu-010"",UUID=""GPU-975edf99-5c0a-9db9-3732-0711e20e77e5"",__name__=""DCGM_FI_DEV_GPU_UTIL"",device=""nvidia0"",gpu=""0"",instance=""mtv5-dgx1-hgpu-010:9400"",job=""dgx_dcgm_exporter"",modelName=""NVIDIA H100 80GB HBM3"""
"2025-07-18T20:42:34Z","DCGM_FI_DEV_GPU_UTIL","1","nvidia1","GPU-eecb123b-59eb-09af-bc37-d81d3fe76846","NVIDIA H100 80GB HBM3","mtv5-dgx1-hgpu-010","","","","0","DCGM_FI_DRIVER_VERSION=""535.129.03"",Hostname=""mtv5-dgx1-hgpu-010"",UUID=""GPU-eecb123b-59eb-09af-bc37-d81d3fe76846"",__name__=""DCGM_FI_DEV_GPU_UTIL"",device=""nvidia1"",gpu=""1"",instance=""mtv5-dgx1-hgpu-010:9400"",job=""dgx_dcgm_exporter"",modelName=""NVIDIA H100 80GB HBM3"""
"2025-07-18T20:42:34Z","DCGM_FI_DEV_GPU_UTIL","2","nvidia2","GPU-df2dc050-8c60-4663-3d88-4dc94831c845","NVIDIA H100 80GB HBM3","mtv5-dgx1-hgpu-010","","","","0","DCGM_FI_DRIVER_VERSION=""535.129.03"",Hostname=""mtv5-dgx1-hgpu-010"",UUID=""GPU-df2dc050-8c60-4663-3d88-4dc94831c845"",__name__=""DCGM_FI_DEV_GPU_UTIL"",device=""nvidia2"",gpu=""2"",instance=""mtv5-dgx1-hgpu-010:9400"",job=""dgx_dcgm_exporter"",modelName=""NVIDIA H100 80GB HBM3"""
"2025-07-18T20:42:34Z","DCGM_FI_DEV_GPU_UTIL","3","nvidia3","GPU-d8517d0d-e311-2786-701a-e271b395ccb5","NVIDIA H100 80GB HBM3","mtv5-dgx1-hgpu-010","","","","0","DCGM_FI_DRIVER_VERSION=""535.129.03"",Hostname=""mtv5-dgx1-hgpu-010"",UUID=""GPU-d8517d0d-e311-2786-701a-e271b395ccb5"",__name__=""DCGM_FI_DEV_GPU_UTIL"",device=""nvidia3"",gpu=""3"",instance=""mtv5-dgx1-hgpu-010:9400"",job=""dgx_dcgm_exporter"",modelName=""NVIDIA H100 80GB HBM3"""
"2025-07-18T20:42:34Z","DCGM_FI_DEV_GPU_UTIL","4","nvidia4","GPU-406203ae-00c0-c6ba-12da-b3e81dba64c4","NVIDIA H100 80GB HBM3","mtv5-dgx1-hgpu-010","","","","0","DCGM_FI_DRIVER_VERSION=""535.129.03"",Hostname=""mtv5-dgx1-hgpu-010"",UUID=""GPU-406203ae-00c0-c6ba-12da-b3e81dba64c4"",__name__=""DCGM_FI_DEV_GPU_UTIL"",device=""nvidia4"",gpu=""4"",instance=""mtv5-dgx1-hgpu-010:9400"",job=""dgx_dcgm_exporter"",modelName=""NVIDIA H100 80GB HBM3"""
"2025-07-18T20:42:34Z","DCGM_FI_DEV_GPU_UTIL","5","nvidia5","GPU-ea460478-f191-62b3-72bc-ca95b72b0462","NVIDIA H100 80GB HBM3","mtv5-dgx1-hgpu-010","","","","0","DCGM_FI_DRIVER_VERSION=""535.129.03"",Hostname=""mtv5-dgx1-hgpu-010"",UUID=""GPU-ea460478-f191-62b3-72bc-ca95b72b0462"",__name__=""DCGM_FI_DEV_GPU_UTIL"",device=""nvidia5"",gpu=""5"",instance=""mtv5-dgx1-hgpu-010:9400"",job=""dgx_dcgm_exporter"",modelName=""NVIDIA H100 80GB HBM3"""
"2025-07-18T20:42:34Z","DCGM_FI_DEV_GPU_UTIL","6","nvidia6","GPU-916da652-fe3a-c4b2-fb1f-d2a432794b48","NVIDIA H100 80GB HBM3","mtv5-dgx1-hgpu-010","","","","0","DCGM_FI_DRIVER_VERSION=""535.129.03"",Hostname=""mtv5-dgx1-hgpu-010"",UUID=""GPU-916da652-fe3a-c4b2-fb1f-d2a432794b48"",__name__=""DCGM_FI_DEV_GPU_UTIL"",device=""nvidia6"",gpu=""6"",instance=""mtv5-dgx1-hgpu-010:9400"",job=""dgx_dcgm_exporter"",modelName=""NVIDIA H100 80GB HBM3"""
"2025-07-18T20:42:34Z","DCGM_FI_DEV_GPU_UTIL","7","nvidia7","GPU-6a7243b5-ac3e-99d1-b68d-a2f3904e8e93","NVIDIA H100 80GB HBM3","mtv5-dgx1-hgpu-010","","","","0","DCGM_FI_DRIVER_VERSION=""535.129.03"",Hostname=""mtv5-dgx1-hgpu-010"",UUID=""GPU-6a7243b5-ac3e-99d1-b68d-a2f3904e8e93"",__name__=""DCGM_FI_DEV_GPU_UTIL"",device=""nvidia7"",gpu=""7"",instance=""mtv5-dgx1-hgpu-010:9400"",job=""dgx_dcgm_exporter"",modelName=""NVIDIA H100 80GB HBM3"""
"2025-07-18T20:42:34Z","DCGM_FI_DEV_GPU_UTIL","0","nvidia0","GPU-1670a3a8-75da-0ef7-e77e-4f5cbe23119f","NVIDIA H100 80GB HBM3","mtv5-dgx1-hgpu-013","","","","98","DCGM_FI_DRIVER_VERSION=""535.129.03"",Hostname=""mtv5-dgx1-hgpu-013"",UUID=""GPU-1670a3a8-75da-0ef7-e77e-4f5cbe23119f"",__name__=""DCGM_FI_DEV_GPU_UTIL"",device=""nvidia0"",gpu=""0"",instance=""mtv5-dgx1-hgpu-013:9400"",job=""dgx_dcgm_exporter"",modelName=""NVIDIA H100 80GB HBM3"""
"2025-07-18T20:42:34Z","DCGM_FI_DEV_GPU_UTIL","1","nvidia1","GPU-983201a0-f129-5d0f-8fa8-331524d491e7","NVIDIA H100 80GB HBM3","mtv5-dgx1-hgpu-013","","","","92","DCGM_FI_DRIVER_VERSION=""535.129.03"",Hostname=""mtv5-dgx1-hgpu-013"",UUID=""GPU-983201a0-f129-5d0f-8fa8-331524d491e7"",__name__=""DCGM_FI_DEV_GPU_UTIL"",device=""nvidia1"",gpu=""1"",instance=""mtv5-dgx1-hgpu-013:9400"",job=""dgx_dcgm_exporter"",modelName=""NVIDIA H100 80GB HBM3"""
"2025-07-18T20:42:34Z","DCGM_FI_DEV_GPU_UTIL","2","nvidia2","GPU-7d13290a-d142-6efc-4902-a186efdfe32f","NVIDIA H100 80GB HBM3","mtv5-dgx1-hgpu-013","","","","98","DCGM_FI_DRIVER_VERSION=""535.129.03"",Hostname=""mtv5-dgx1-hgpu-013"",UUID=""GPU-7d13290a-d142-6efc-4902-a186efdfe32f"",__name__=""DCGM_FI_DEV_GPU_UTIL"",device=""nvidia2"",gpu=""2"",instance=""mtv5-dgx1-hgpu-013:9400"",job=""dgx_dcgm_exporter"",modelName=""NVIDIA H100 80GB HBM3"""
"2025-07-18T20:42:34Z","DCGM_FI_DEV_GPU_UTIL","3","nvidia3","GPU-d8cfb869-2a50-9eb5-e808-c6c9cfe24f35","NVIDIA H100 80GB HBM3","mtv5-dgx1-hgpu-013","","","","96","DCGM_FI_DRIVER_VERSION=""535.129.03"",Hostname=""mtv5-dgx1-hgpu-013"",UUID=""GPU-d8cfb869-2a50-9eb5-e808-c6c9cfe24f35"",__name__=""DCGM_FI_DEV_GPU_UTIL"",device=""nvidia3"",gpu=""3"",instance=""mtv5-dgx1-hgpu-013:9400"",job=""dgx_dcgm_exporter"",modelName=""NVIDIA H100 80GB HBM3"""
"2025-07-18T20:42:34Z","DCGM_FI_DEV_GPU_UTIL","4","nvidia4","GPU-161d3e8e-6595-83f1-023d-1ee1f298640b","NVIDIA H100 80GB HBM3","mtv5-dgx1-hgpu-013","","","","99","DCGM_FI_DRIVER_VERSION=""535.129.03"",Hostname=""mtv5-dgx1-hgpu-013"",UUID=""GPU-161d3e8e-6595-83f1-023d-1ee1f298640b"",__name__=""DCGM_FI_DEV_GPU_UTIL"",device=""nvidia4"",gpu=""4"",instance=""mtv5-dgx1-hgpu-013:9400"",job=""dgx_dcgm_exporter"",modelName=""NVIDIA H100 80GB HBM3"""
"2025-07-18T20:42:34Z","DCGM_FI_DEV_GPU_UTIL","5","nvidia5","GPU-91d38b3a-f67c-fdc1-8456-b8c5d527b607","NVIDIA H100 80GB HBM3","mtv5-dgx1-hgpu-013","","","","98","DCGM_FI_DRIVER_VERSION=""535.129.03"",Hostname=""mtv5-dgx1-hgpu-013"",UUID=""GPU-91d38b3a-f67c-fdc1-8456-b8c5d527b607"",__name__=""DCGM_FI_DEV_GPU_UTIL"",device=""nvidia5"",gpu=""5"",instance=""mtv5-dgx1-hgpu-013:9400"",job=""dgx_dcgm_exporter"",modelName=""NVIDIA H100 80GB HBM3"""
"2025-07-18T20:42:34Z","DCGM_FI_DEV_GPU_UTIL","6","nvidia6","GPU-e63704be-3bc7-eb55-f37d-68dbcf3eab51","NVIDIA H100 80GB HBM3","mtv5-dgx1-hgpu-013","","","","98","DCGM_FI_DRIVER_VERSION=""535.129.03"",Hostname=""mtv5-dgx1-hgpu-013"",UUID=""GPU-e63704be-3bc7-eb55-f37d-68dbcf3eab51"",__name__=""DCGM_FI_DEV_GPU_UTIL"",device=""nvidia6"",gpu=""6"",instance=""mtv5-dgx1-hgpu-013:9400"",job=""dgx_dcgm_exporter"",modelName=""NVIDIA H100 80GB HBM3"""
"2025-07-18T20:42:34Z","DCGM_FI_DEV_GPU_UTIL","0","nvidia0","GPU-9cf80a2c-f207-4765-4369-505a2a4eeadc","NVIDIA H100 80GB HBM3","mtv5-dgx1-hgpu-016","","","","48","DCGM_FI_DRIVER_VERSION=""535.129.03"",Hostname=""mtv5-dgx1-hgpu-016"",UUID=""GPU-9cf80a2c-f207-4765-4369-505a2a4eeadc"",__name__=""DCGM_FI_DEV_GPU_UTIL"",device=""nvidia0"",gpu=""0"",instance=""mtv5-dgx1-hgpu-016:9400"",job=""dgx_dcgm_exporter"",modelName=""NVIDIA H100 80GB HBM3"""
"2025-07-18T20:42:34Z","DCGM_FI_DEV_GPU_UTIL","1","nvidia1","GPU-09ee0233-325a-abd1-7b41-ddfaeabb95fe","NVIDIA H100 80GB HBM3","mtv5-dgx1-hgpu-016","","","","89","DCGM_FI_DRIVER_VERSION=""535.129.03"",Hostname=""mtv5-dgx1-hgpu-016"",UUID=""GPU-09ee0233-325a-abd1-7b41-ddfaeabb95fe"",__name__=""DCGM_FI_DEV_GPU_UTIL"",device=""nvidia1"",gpu=""1"",instance=""mtv5-dgx1-hgpu-016:9400"",job=""dgx_dcgm_exporter"",modelName=""NVIDIA H100 80GB HBM3"""
"2025-07-18T20:42:34Z","DCGM_FI_DEV_GPU_UTIL","2","nvidia2","GPU-db5c7504-42ae-c959-fdd6-4fdccd87731e","NVIDIA H100 80GB HBM3","mtv5-dgx1-hgpu-016","","","","98","DCGM_FI_DRIVER_VERSION=""535.129.03"",Hostname=""mtv5-dgx1-hgpu-016"",UUID=""GPU-db5c7504-42ae-c959-fdd6-4fdccd87731e"",__name__=""DCGM_FI_DEV_GPU_UTIL"",device=""nvidia2"",gpu=""2"",instance=""mtv5-dgx1-hgpu-016:9400"",job=""dgx_dcgm_exporter"",modelName=""NVIDIA H100 80GB HBM3"""
"2025-07-18T20:42:34Z","DCGM_FI_DEV_GPU_UTIL","4","nvidia4","GPU-0d7a7418-5061-fe86-0edf-f75ba9fe27aa","NVIDIA H100 80GB HBM3","mtv5-dgx1-hgpu-016","","","","100","DCGM_FI_DRIVER_VERSION=""535.129.03"",Hostname=""mtv5-dgx1-hgpu-016"",UUID=""GPU-0d7a7418-5061-fe86-0edf-f75ba9fe27aa"",__name__=""DCGM_FI_DEV_GPU_UTIL"",device=""nvidia4"",gpu=""4"",instance=""mtv5-dgx1-hgpu-016:9400"",job=""dgx_dcgm_exporter"",modelName=""NVIDIA H100 80GB HBM3"""
"2025-07-18T20:42:34Z","DCGM_FI_DEV_GPU_UTIL","5","nvidia5","GPU-fb31cd73-4f82-0216-3c31-156e12b9cd87","NVIDIA H100 80GB HBM3","mtv5-dgx1-hgpu-016","","","","88","DCGM_FI_DRIVER_VERSION=""535.129.03"",Hostname=""mtv5-dgx1-hgpu-016"",UUID=""GPU-fb31cd73-4f82-0216-3c31-156e12b9cd87"",__name__=""DCGM_FI_DEV_GPU_UTIL"",device=""nvidia5"",gpu=""5"",instance=""mtv5-dgx1-hgpu-016:9400"",job=""dgx_dcgm_exporter"",modelName=""NVIDIA H100 80GB HBM3"""
"2025-07-18T20:42:34Z","DCGM_FI_DEV_GPU_UTIL","6","nvidia6","GPU-d9fbbdd8-ebba-108a-d7e0-6ba83fa6c089","NVIDIA H100 80GB HBM3","mtv5-dgx1-hgpu-016","","","","100","DCGM_FI_DRIVER_VERSION=""535.129.03"",Hostname=""mtv5-dgx1-hgpu-016"",UUID=""GPU-d9fbbdd8-ebba-108a-d7e0-6ba83fa6c089"",__name__=""DCGM_FI_DEV_GPU_UTIL"",device=""nvidia6"",gpu=""6"",instance=""mtv5-dgx1-hgpu-016:9400"",job=""dgx_dcgm_exporter"",modelName=""NVIDIA H100 80GB HBM3"""
"2025-07-18T20:42:34Z","DCGM_FI_DEV_GPU_UTIL","7","nvidia7","GPU-9e7fb56d-e25d-0cb0-ae51-9cf0c0ec9f5e","NVIDIA H100 80GB HBM3","mtv5-dgx1-hgpu-016","","","","100","DCGM_FI_DRIVER_VERSION=""535.129.03"",Hostname=""mtv5-dgx1-hgpu-016"",UUID=""GPU-9e7fb56d-e25d-0cb0-ae51-9cf0c0ec9f5e"",__name__=""DCGM_FI_DEV_GPU_UTIL"",device=""nvidia7"",gpu=""7"",instance=""mtv5-dgx1-hgpu-016:9400"",job=""dgx_dcgm_exporter"",modelName=""NVIDIA H100 80GB HBM3"""
"2025-07-18T20:42:34Z","DCGM_FI_DEV_GPU_UTIL","0","nvidia0","GPU-b43ce37b-0fac-b14b-5f75-304161847f2d","NVIDIA H100 80GB HBM3","mtv5-dgx1-hgpu-011","","","","33","DCGM_FI_DRIVER_VERSION=""535.129.03"",Hostname=""mtv5-dgx1-hgpu-011"",UUID=""GPU-b43ce37b-0fac-b14b-5f75-304161847f2d"",__name__=""DCGM_FI_DEV_GPU_UTIL"",device=""nvidia0"",gpu=""0"",instance=""mtv5-dgx1-hgpu-011:9400"",job=""dgx_dcgm_exporter"",modelName=""NVIDIA H100 80GB HBM3"""
"2025-07-18T20:42:34Z","DCGM_FI_DEV_GPU_UTIL","1","nvidia1","GPU-0bcca8d4-0c77-adf1-3a5e-e212904173d2","NVIDIA H100 80GB HBM3","mtv5-dgx1-hgpu-011","","","","67","DCGM_FI_DRIVER_VERSION=""535.129.03"",Hostname=""mtv5-dgx1-hgpu-011"",UUID=""GPU-0bcca8d4-0c77-adf1-3a5e-e212904173d2"",__name__=""DCGM_FI_DEV_GPU_UTIL"",device=""nvidia1"",gpu=""1"",instance=""mtv5-dgx1-hgpu-011:9400"",job=""dgx_dcgm_exporter"",modelName=""NVIDIA H100 80GB HBM3"""
"2025-07-18T20:42:34Z","DCGM_FI_DEV_GPU_UTIL","2","nvidia2","GPU-21ff3d4a-3b49-4701-fcaf-556ed0496c55","NVIDIA H100 80GB HBM3","mtv5-dgx1-hgpu-011","","","","0","DCGM_FI_DRIVER_VERSION=""535.129.03"",Hostname=""mtv5-dgx1-hgpu-011"",UUID=""GPU-21ff3d4a-3b49-4701-fcaf-556ed0496c55"",__name__=""DCGM_FI_DEV_GPU_UTIL"",device=""nvidia2"",gpu=""2"",instance=""mtv5-dgx1-hgpu-011:9400"",job=""dgx_dcgm_exporter"",modelName=""NVIDIA H100 80GB HBM3"""
"2025-07-18T20:42:34Z","DCGM_FI_DEV_GPU_UTIL","3","nvidia3","GPU-119c6d9d-b4b0-123a-5544-1ffb0dfc782e","NVIDIA H100 80GB HBM3","mtv5-dgx1-hgpu-011","","","","71","DCGM_FI_DRIVER_VERSION=""535.129.03"",Hostname=""mtv5-dgx1-hgpu-011"",UUID=""GPU-119c6d9d-b4b0-123a-5544-1ffb0dfc782e"",__name__=""DCGM_FI_DEV_GPU_UTIL"",device=""nvidia3"",gpu=""3"",instance=""mtv5-dgx1-hgpu-011:9400"",job=""dgx_dcgm_exporter"",modelName=""NVIDIA H100 80GB HBM3"""
"2025-07-18T20:42:34Z","DCGM_FI_DEV_GPU_UTIL","4","nvidia4","GPU-1aba20ab-9476-ebbb-ee10-5c3671000be9","NVIDIA H100 80GB HBM3","mtv5-dgx1-hgpu-011","","","","75","DCGM_FI_DRIVER_VERSION=""535.129.03"",Hostname=""mtv5-dgx1-hgpu-011"",UUID=""GPU-1aba20ab-9476-ebbb-ee10-5c3671000be9"",__name__=""DCGM_FI_DEV_GPU_UTIL"",device=""nvidia4"",gpu=""4"",instance=""mtv5-dgx1-hgpu-011:9400"",job=""dgx_dcgm_exporter"",modelName=""NVIDIA H100 80GB HBM3"""
"2025-07-18T20:42:34Z","DCGM_FI_DEV_GPU_UTIL","5","nvidia5","GPU-9c57af55-0c2c-0144-eabf-db405f3c67d2","NVIDIA H100 80GB HBM3","mtv5-dgx1-hgpu-011","","","","75","DCGM_FI_DRIVER_VERSION=""535.129.03"",Hostname=""mtv5-dgx1-hgpu-011"",UUID=""GPU-9c57af55-0c2c-0144-eabf-db405f3c67d2"",__name__=""DCGM_FI_DEV_GPU_UTIL"",device=""nvidia5"",gpu=""5"",instance=""mtv5-dgx1-hgpu-011:9400"",job=""dgx_dcgm_exporter"",modelName=""NVIDIA H100 80GB HBM3"""
"2025-07-18T20:42:34Z","DCGM_FI_DEV_GPU_UTIL","6","nvidia6","GPU-eaf1f74a-19d7-d05f-6be9-4af46f6340a9","NVIDIA H100 80GB HBM3","mtv5-dgx1-hgpu-011","","","","90","DCGM_FI_DRIVER_VERSION=""535.129.03"",Hostname=""mtv5-dgx1-hgpu-011"",UUID=""GPU-eaf1f74a-19d7-d05f-6be9-4af46f6340a9"",__name__=""DCGM_FI_DEV_GPU_UTIL"",device=""nvidia6"",gpu=""6"",instance=""mtv5-dgx1-hgpu-011:9400"",job=""dgx_dcgm_exporter"",modelName=""NVIDIA H100 80GB HBM3"""
"2025-07-18T20:42:34Z","DCGM_FI_DEV_GPU_UTIL","7","nvidia7","GPU-8e30499a-b6c4-d87b-8bae-8e6046f5922b","NVIDIA H100 80GB HBM3","mtv5-dgx1-hgpu-011","","","","0","DCGM_FI_DRIVER_VERSION=""535.129.03"",Hostname=""mtv5-dgx1-hgpu-011"",UUID=""GPU-8e30499a-b6c4-d87b-8bae-8e6046f5922b"",__name__=""DCGM_FI_DEV_GPU_UTIL"",device=""nvidia7"",gpu=""7"",instance=""mtv5-dgx1-hgpu-011:9400"",job=""dgx_dcgm_exporter"",modelName=""NVIDIA H100 80GB HBM3"""
"2025-07-18T20:42:34Z","DCGM_FI_DEV_GPU_UTIL","0","nvidia0","GPU-449050be-4de6-58e6-176a-fbfc8de78497","NVIDIA H100 80GB HBM3","mtv5-dgx1-hgpu-020","","","","0","DCGM_FI_DRIVER_VERSION=""535.129.03"",Hostname=""mtv5-dgx1-hgpu-020"",UUID=""GPU-449050be-4de6-58e6-176a-fbfc8de78497"",__name__=""DCGM_FI_DEV_GPU_UTIL"",device=""nvidia0"",gpu=""0"",instance=""mtv5-dgx1-hgpu-020:9400"",job=""dgx_dcgm_exporter"",modelName=""NVIDIA H100 80GB HBM3"""
"2025-07-18T20:42:34Z","DCGM_FI_DEV_GPU_UTIL","1","nvidia1","GPU-016f5163-a200-f674-2110-97949df1c49a","NVIDIA H100 80GB HBM3","mtv5-dgx1-hgpu-020","","","","0","DCGM_FI_DRIVER_VERSION=""535.129.03"",Hostname=""mtv5-dgx1-hgpu-020"",UUID=""GPU-016f5163-a200-f674-2110-97949df1c49a"",__name__=""DCGM_FI_DEV_GPU_UTIL"",device=""nvidia1"",gpu=""1"",instance=""mtv5-dgx1-hgpu-020:9400"",job=""dgx_dcgm_exporter"",modelName=""NVIDIA H100 80GB HBM3"""
"2025-07-18T20:42:34Z","DCGM_FI_DEV_GPU_UTIL","2","nvidia2","GPU-94367f34-8e6b-22ea-c597-db890548c15a","NVIDIA H100 80GB HBM3","mtv5-dgx1-hgpu-020","","","","0","DCGM_FI_DRIVER_VERSION=""535.129.03"",Hostname=""mtv5-dgx1-hgpu-020"",UUID=""GPU-94367f34-8e6b-22ea-c597-db890548c15a"",__name__=""DCGM_FI_DEV_GPU_UTIL"",device=""nvidia2"",gpu=""2"",instance=""mtv5-dgx1-hgpu-020:9400"",job=""dgx_dcgm_exporter"",modelName=""NVIDIA H100 80GB HBM3"""
"2025-07-18T20:42:34Z","DCGM_FI_DEV_GPU_UTIL","3","nvidia3","GPU-b765b251-a11d-a00c-2373-53f0d0a5ffb7","NVIDIA H100 80GB HBM3","mtv5-dgx1-hgpu-020","","","","0","DCGM_FI_DRIVER_VERSION=""535.129.03"",Hostname=""mtv5-dgx1-hgpu-020"",UUID=""GPU-b765b251-a11d-a00c-2373-53f0d0a5ffb7"",__name__=""DCGM_FI_DEV_GPU_UTIL"",device=""nvidia3"",gpu=""3"",instance=""mtv5-dgx1-hgpu-020:9400"",job=""dgx_dcgm_exporter"",modelName=""NVIDIA H100 80GB HBM3"""
"2025-07-18T20:42:34Z","DCGM_FI_DEV_GPU_UTIL","4","nvidia4","GPU-7e3e45d8-862b-e3f9-f02d-ac4f14c2a46f","NVIDIA H100 80GB HBM3","mtv5-dgx1-hgpu-020","","","","0","DCGM_FI_DRIVER_VERSION=""535.129.03"",Hostname=""mtv5-dgx1-hgpu-020"",UUID=""GPU-7e3e45d8-862b-e3f9-f02d-ac4f14c2a46f"",__name__=""DCGM_FI_DEV_GPU_UTIL"",device=""nvidia4"",gpu=""4"",instance=""mtv5-dgx1-hgpu-020:9400"",job=""dgx_dcgm_exporter"",modelName=""NVIDIA H100 80GB HBM3"""
"2025-07-18T20:42:34Z","DCGM_FI_DEV_GPU_UTIL","5","nvidia5","GPU-d8fc9a9c-718b-804e-6373-72627cbc84ff","NVIDIA H100 80GB HBM3","mtv5-dgx1-hgpu-020","","","","0","DCGM_FI_DRIVER_VERSION=""535.129.03"",Hostname=""mtv5-dgx1-hgpu-020"",UUID=""GPU-d8fc9a9c-718b-804e-6373-72627cbc84ff"",__name__=""DCGM_FI_DEV_GPU_UTIL"",device=""nvidia5"",gpu=""5"",instance=""mtv5-dgx1-hgpu-020:9400"",job=""dgx_dcgm_exporter"",modelName=""NVIDIA H100 80GB HBM3"""
"2025-07-18T20:42:34Z","DCGM_FI_DEV_GPU_UTIL","6","nvidia6","GPU-caab3609-4d5c-7cb2-b1f9-2b6b626318ab","NVIDIA H100 80GB HBM3","mtv5-dgx1-hgpu-020","","","","0","DCGM_FI_DRIVER_VERSION=""535.129.03"",Hostname=""mtv5-dgx1-hgpu-020"",UUID=""GPU-caab3609-4d5c-7cb2-b1f9-2b6b626318ab"",__name__=""DCGM_FI_DEV_GPU_UTIL"",device=""nvidia6"",gpu=""6"",instance=""mtv5-dgx1-hgpu-020:9400"",job=""dgx_dcgm_exporter"",modelName=""NVIDIA H100 80GB HBM3"""
"2025-07-18T20:42:34Z","DCGM_FI_DEV_GPU_UTIL","7","nvidia7","GPU-28815fec-686c-12f1-957f-5d87ea298378","NVIDIA H100 80GB HBM3","mtv5-dgx1-hgpu-020","","","","0","DCGM_FI_DRIVER_VERSION=""535.129.03"",Hostname=""mtv5-dgx1-hgpu-020"",UUID=""GPU-28815fec-686c-12f1-957f-5d87ea298378"",__name__=""DCGM_FI_DEV_GPU_UTIL"",device=""nvidia7"",gpu=""7"",instance=""mtv5-dgx1-hgpu-020:9400"",job=""dgx_dcgm_exporter"",modelName=""NVIDIA H100 80GB HBM3"""
"2025-07-18T20:42:34Z","DCGM_FI_DEV_GPU_UTIL","0","nvidia0","GPU-74e79295-3c18-056d-eaa7-a7d987365836","NVIDIA H100 80GB HBM3","mtv5-dgx1-hgpu-019","","","","98","DCGM_FI_DRIVER_VERSION=""535.129.03"",Hostname=""mtv5-dgx1-hgpu-019"",UUID=""GPU-74e79295-3c18-056d-eaa7-a7d987365836"",__name__=""DCGM_FI_DEV_GPU_UTIL"",device=""nvidia0"",gpu=""0"",instance=""mtv5-dgx1-hgpu-019:9400"",job=""dgx_dcgm_exporter"",modelName=""NVIDIA H100 80GB HBM3"""
"2025-07-18T20:42:34Z","DCGM_FI_DEV_GPU_UTIL","1","nvidia1","GPU-d7625cb0-454e-c003-581c-01828ec8bf04","NVIDIA H100 80GB HBM3","mtv5-dgx1-hgpu-019","","","","98","DCGM_FI_DRIVER_VERSION=""535.129.03"",Hostname=""mtv5-dgx1-hgpu-019"",UUID=""GPU-d7625cb0-454e-c003-581c-01828ec8bf04"",__name__=""DCGM_FI_DEV_GPU_UTIL"",device=""nvidia1"",gpu=""1"",instance=""mtv5-dgx1-hgpu-019:9400"",job=""dgx_dcgm_exporter"",modelName=""NVIDIA H100 80GB HBM3"""
"2025-07-18T20:42:34Z","DCGM_FI_DEV_GPU_UTIL","2","nvidia2","GPU-5179b753-a14e-23a1-d00f-0c522e978c6b","NVIDIA H100 80GB HBM3","mtv5-dgx1-hgpu-019","","","","98","DCGM_FI_DRIVER_VERSION=""535.129.03"",Hostname=""mtv5-dgx1-hgpu-019"",UUID=""GPU-5179b753-a14e-23a1-d00f-0c522e978c6b"",__name__=""DCGM_FI_DEV_GPU_UTIL"",device=""nvidia2"",gpu=""2"",instance=""mtv5-dgx1-hgpu-019:9400"",job=""dgx_dcgm_exporter"",modelName=""NVIDIA H100 80GB HBM3"""
"2025-07-18T20:42:34Z","DCGM_FI_DEV_GPU_UTIL","3","nvidia3","GPU-097227f5-14e1-ef95-7995-aea9aebe240e","NVIDIA H100 80GB HBM3","mtv5-dgx1-hgpu-019","","","","98","DCGM_FI_DRIVER_VERSION=""535.129.03"",Hostname=""mtv5-dgx1-hgpu-019"",UUID=""GPU-097227f5-14e1-ef95-7995-aea9aebe240e"",__name__=""DCGM_FI_DEV_GPU_UTIL"",device=""nvidia3"",gpu=""3"",instance=""mtv5-dgx1-hgpu-019:9400"",job=""dgx_dcgm_exporter"",modelName=""NVIDIA H100 80GB HBM3"""
"2025-07-18T20:42:34Z","DCGM_FI_DEV_GPU_UTIL","5","nvidia5","GPU-36513d4d-c6dc-45e8-e6a7-e2543f3bfab1","NVIDIA H100 80GB HBM3","mtv5-dgx1-hgpu-019","","","","98","DCGM_FI_DRIVER_VERSION=""535.129.03"",Hostname=""mtv5-dgx1-hgpu-019"",UUID=""GPU-36513d4d-c6dc-45e8-e6a7-e2543f3bfab1"",__name__=""DCGM_FI_DEV_GPU_UTIL"",device=""nvidia5"",gpu=""5"",instance=""mtv5-dgx1-hgpu-019:9400"",job=""dgx_dcgm_exporter"",modelName=""NVIDIA H100 80GB HBM3"""
"2025-07-18T20:42:34Z","DCGM_FI_DEV_GPU_UTIL","6","nvidia6","GPU-1ed79ee6-1a5b-4b1b-0114-0213cd358a79","NVIDIA H100 80GB HBM3","mtv5-dgx1-hgpu-019","","","","98","DCGM_FI_DRIVER_VERSION=""535.129.03"",Hostname=""mtv5-dgx1-hgpu-019"",UUID=""GPU-1ed79ee6-1a5b-4b1b-0114-0213cd358a79"",__name__=""DCGM_FI_DEV_GPU_UTIL"",device=""nvidia6"",gpu=""6"",instance=""mtv5-dgx1-hgpu-019:9400"",job=""dgx_dcgm_exporter"",modelName=""NVIDIA H100 80GB HBM3"""
"2025-07-18T20:42:34Z","DCGM_FI_DEV_GPU_UTIL","7","nvidia7","GPU-938894da-7a94-34fe-b216-ef334d8718eb","NVIDIA H100 80GB HBM3","mtv5-dgx1-hgpu-019","","","","100","DCGM_FI_DRIVER_VERSION=""535.129.03"",Hostname=""mtv5-dgx1-hgpu-019"",UUID=""GPU-938894da-7a94-34fe-b216-ef334d8718eb"",__name__=""DCGM_FI_DEV_GPU_UTIL"",device=""nvidia7"",gpu=""7"",instance=""mtv5-dgx1-hgpu-019:9400"",job=""dgx_dcgm_exporter"",modelName=""NVIDIA H100 80GB HBM3"""
"2025-07-18T20:42:34Z","DCGM_FI_DEV_GPU_UTIL","0","nvidia0","GPU-b6cacc64-34fe-ed4c-16e6-48b4e5f1997c","NVIDIA H100 80GB HBM3","mtv5-dgx1-hgpu-025","","","","91","DCGM_FI_DRIVER_VERSION=""535.129.03"",Hostname=""mtv5-dgx1-hgpu-025"",UUID=""GPU-b6cacc64-34fe-ed4c-16e6-48b4e5f1997c"",__name__=""DCGM_FI_DEV_GPU_UTIL"",device=""nvidia0"",gpu=""0"",instance=""mtv5-dgx1-hgpu-025:9400"",job=""dgx_dcgm_exporter"",modelName=""NVIDIA H100 80GB HBM3"""
"2025-07-18T20:42:34Z","DCGM_FI_DEV_GPU_UTIL","1","nvidia1","GPU-7ebf7243-2411-3f6c-c54e-1958d69a93c1","NVIDIA H100 80GB HBM3","mtv5-dgx1-hgpu-025","","","","88","DCGM_FI_DRIVER_VERSION=""535.129.03"",Hostname=""mtv5-dgx1-hgpu-025"",UUID=""GPU-7ebf7243-2411-3f6c-c54e-1958d69a93c1"",__name__=""DCGM_FI_DEV_GPU_UTIL"",device=""nvidia1"",gpu=""1"",instance=""mtv5-dgx1-hgpu-025:9400"",job=""dgx_dcgm_exporter"",modelName=""NVIDIA H100 80GB HBM3"""
"2025-07-18T20:42:34Z","DCGM_FI_DEV_GPU_UTIL","2","nvidia2","GPU-b4edc65b-dae5-0b9a-ccec-8eabaf957a7a","NVIDIA H100 80GB HBM3","mtv5-dgx1-hgpu-025","","","","92","DCGM_FI_DRIVER_VERSION=""535.129.03"",Hostname=""mtv5-dgx1-hgpu-025"",UUID=""GPU-b4edc65b-dae5-0b9a-ccec-8eabaf957a7a"",__name__=""DCGM_FI_DEV_GPU_UTIL"",device=""nvidia2"",gpu=""2"",instance=""mtv5-dgx1-hgpu-025:9400"",job=""dgx_dcgm_exporter"",modelName=""NVIDIA H100 80GB HBM3"""
"2025-07-18T20:42:34Z","DCGM_FI_DEV_GPU_UTIL","3","nvidia3","GPU-9b17032f-1b65-4ff9-4e9c-668cd8cd4475","NVIDIA H100 80GB HBM3","mtv5-dgx1-hgpu-025","","","","100","DCGM_FI_DRIVER_VERSION=""535.129.03"",Hostname=""mtv5-dgx1-hgpu-025"",UUID=""GPU-9b17032f-1b65-4ff9-4e9c-668cd8cd4475"",__name__=""DCGM_FI_DEV_GPU_UTIL"",device=""nvidia3"",gpu=""3"",instance=""mtv5-dgx1-hgpu-025:9400"",job=""dgx_dcgm_exporter"",modelName=""NVIDIA H100 80GB HBM3"""
"2025-07-18T20:42:34Z","DCGM_FI_DEV_GPU_UTIL","4","nvidia4","GPU-3179c412-45cc-539d-72fc-2d22ccdceefd","NVIDIA H100 80GB HBM3","mtv5-dgx1-hgpu-025","","","","98","DCGM_FI_DRIVER_VERSION=""535.129.03"",Hostname=""mtv5-dgx1-hgpu-025"",UUID=""GPU-3179c412-45cc-539d-72fc-2d22ccdceefd"",__name__=""DCGM_FI_DEV_GPU_UTIL"",device=""nvidia4"",gpu=""4"",instance=""mtv5-dgx1-hgpu-025:9400"",job=""dgx_dcgm_exporter"",modelName=""NVIDIA H100 80GB HBM3"""
"2025-07-18T20:42:34Z","DCGM_FI_DEV_GPU_UTIL","5","nvidia5","GPU-04cbfb2c-42cb-7cda-fff2-07b118c41791","NVIDIA H100 80GB HBM3","mtv5-dgx1-hgpu-025","","","","90","DCGM_FI_DRIVER_VERSION=""535.129.03"",Hostname=""mtv5-dgx1-hgpu-025"",UUID=""GPU-04cbfb2c-42cb-7cda-fff2-07b118c41791"",__name__=""DCGM_FI_DEV_GPU_UTIL"",device=""nvidia5"",gpu=""5"",instance=""mtv5-dgx1-hgpu-025:9400"",job=""dgx_dcgm_exporter"",modelName=""NVIDIA H100 80GB HBM3"""
"2025-07-18T20:42:34Z","DCGM_FI_DEV_GPU_UTIL","6","nvidia6","GPU-12214b99-3ddc-03ee-a584-bba507ae65f6","NVIDIA H100 80GB HBM3","mtv5-dgx1-hgpu-025","","","","100","DCGM_FI_DRIVER_VERSION=""535.129.03"",Hostname=""mtv5-dgx1-hgpu-025"",UUID=""GPU-12214b99-3ddc-03ee-a584-bba507ae65f6"",__name__=""DCGM_FI_DEV_GPU_UTIL"",device=""nvidia6"",gpu=""6"",instance=""mtv5-dgx1-hgpu-025:9400"",job=""dgx_dcgm_exporter"",modelName=""NVIDIA H100 80GB HBM3"""
"2025-07-18T20:42:34Z","DCGM_FI_DEV_GPU_UTIL","7","nvidia7","GPU-18ff5ce5-f969-01d0-439c-91e9ab043eca","NVIDIA H100 80GB HBM3","mtv5-dgx1-hgpu-025","","","","90","DCGM_FI_DRIVER_VERSION=""535.129.03"",Hostname=""mtv5-dgx1-hgpu-025"",UUID=""GPU-18ff5ce5-f969-01d0-439c-91e9ab043eca"",__name__=""DCGM_FI_DEV_GPU_UTIL"",device=""nvidia7"",gpu=""7"",instance=""mtv5-dgx1-hgpu-025:9400"",job=""dgx_dcgm_exporter"",modelName=""NVIDIA H100 80GB HBM3"""
"2025-07-18T20:42:34Z","DCGM_FI_DEV_GPU_UTIL","0","nvidia0","GPU-d87f967d-51ef-7861-174f-94066ef67d16","NVIDIA H100 80GB HBM3","mtv5-dgx1-hgpu-006","","","","94","DCGM_FI_DRIVER_VERSION=""535.129.03"",Hostname=""mtv5-dgx1-hgpu-006"",UUID=""GPU-d87f967d-51ef-7861-174f-94066ef67d16"",__name__=""DCGM_FI_DEV_GPU_UTIL"",device=""nvidia0"",gpu=""0"",instance=""mtv5-dgx1-hgpu-006:9400"",job=""dgx_dcgm_exporter"",modelName=""NVIDIA H100 80GB HBM3"""
"2025-07-18T20:42:34Z","DCGM_FI_DEV_GPU_UTIL","1","nvidia1","GPU-1df3e374-2435-dc0a-53d1-52a93108d331","NVIDIA H100 80GB HBM3","mtv5-dgx1-hgpu-006","","","","100","DCGM_FI_DRIVER_VERSION=""535.129.03"",Hostname=""mtv5-dgx1-hgpu-006"",UUID=""GPU-1df3e374-2435-dc0a-53d1-52a93108d331"",__name__=""DCGM_FI_DEV_GPU_UTIL"",device=""nvidia1"",gpu=""1"",instance=""mtv5-dgx1-hgpu-006:9400"",job=""dgx_dcgm_exporter"",modelName=""NVIDIA H100 80GB HBM3"""
"2025-07-18T20:42:34Z","DCGM_FI_DEV_GPU_UTIL","2","nvidia2","GPU-45de4403-9ea6-38fd-dc54-0f69d7fa5f41","NVIDIA H100 80GB HBM3","mtv5-dgx1-hgpu-006","","","","99","DCGM_FI_DRIVER_VERSION=""535.129.03"",Hostname=""mtv5-dgx1-hgpu-006"",UUID=""GPU-45de4403-9ea6-38fd-dc54-0f69d7fa5f41"",__name__=""DCGM_FI_DEV_GPU_UTIL"",device=""nvidia2"",gpu=""2"",instance=""mtv5-dgx1-hgpu-006:9400"",job=""dgx_dcgm_exporter"",modelName=""NVIDIA H100 80GB HBM3"""
"2025-07-18T20:42:34Z","DCGM_FI_DEV_GPU_UTIL","3","nvidia3","GPU-c4ae27ef-9dd3-290a-8aa3-418ab889ea71","NVIDIA H100 80GB HBM3","mtv5-dgx1-hgpu-006","","","","100","DCGM_FI_DRIVER_VERSION=""535.129.03"",Hostname=""mtv5-dgx1-hgpu-006"",UUID=""GPU-c4ae27ef-9dd3-290a-8aa3-418ab889ea71"",__name__=""DCGM_FI_DEV_GPU_UTIL"",device=""nvidia3"",gpu=""3"",instance=""mtv5-dgx1-hgpu-006:9400"",job=""dgx_dcgm_exporter"",modelName=""NVIDIA H100 80GB HBM3"""
"2025-07-18T20:42:34Z","DCGM_FI_DEV_GPU_UTIL","5","nvidia5","GPU-7bebef2f-db5c-95a9-7ebe-46d98bd1253d","NVIDIA H100 80GB HBM3","mtv5-dgx1-hgpu-006","","","","98","DCGM_FI_DRIVER_VERSION=""535.129.03"",Hostname=""mtv5-dgx1-hgpu-006"",UUID=""GPU-7bebef2f-db5c-95a9-7ebe-46d98bd1253d"",__name__=""DCGM_FI_DEV_GPU_UTIL"",device=""nvidia5"",gpu=""5"",instance=""mtv5-dgx1-hgpu-006:9400"",job=""dgx_dcgm_exporter"",modelName=""NVIDIA H100 80GB HBM3"""
"2025-07-18T20:42:34Z","DCGM_FI_DEV_GPU_UTIL","6","nvidia6","GPU-c4fea854-c680-ba04-7284-d0cf1598749c","NVIDIA H100 80GB HBM3","mtv5-dgx1-hgpu-006","","","","98","DCGM_FI_DRIVER_VERSION=""535.129.03"",Hostname=""mtv5-dgx1-hgpu-006"",UUID=""GPU-c4fea854-c680-ba04-7284-d0cf1598749c"",__name__=""DCGM_FI_DEV_GPU_UTIL"",device=""nvidia6"",gpu=""6"",instance=""mtv5-dgx1-hgpu-006:9400"",job=""dgx_dcgm_exporter"",modelName=""NVIDIA H100 80GB HBM3"""
"2025-07-18T20:42:34Z","DCGM_FI_DEV_GPU_UTIL","7","nvidia7","GPU-b2d8a4d1-772f-1320-22a1-cbeab3ec0b4c","NVIDIA H100 80GB HBM3","mtv5-dgx1-hgpu-006","","","","98","DCGM_FI_DRIVER_VERSION=""535.129.03"",Hostname=""mtv5-dgx1-hgpu-006"",UUID=""GPU-b2d8a4d1-772f-1320-22a1-cbeab3ec0b4c"",__name__=""DCGM_FI_DEV_GPU_UTIL"",device=""nvidia7"",gpu=""7"",instance=""mtv5-dgx1-hgpu-006:9400"",job=""dgx_dcgm_exporter"",modelName=""NVIDIA H100 80GB HBM3"""
"2025-07-18T20:42:34Z","DCGM_FI_DEV_GPU_UTIL","0","nvidia0","GPU-64f4db70-4fec-e134-5602-1e14030846ae","NVIDIA H100 80GB HBM3","mtv5-dgx1-hgpu-008","","","","0","DCGM_FI_DRIVER_VERSION=""535.129.03"",Hostname=""mtv5-dgx1-hgpu-008"",UUID=""GPU-64f4db70-4fec-e134-5602-1e14030846ae"",__name__=""DCGM_FI_DEV_GPU_UTIL"",device=""nvidia0"",gpu=""0"",instance=""mtv5-dgx1-hgpu-008:9400"",job=""dgx_dcgm_exporter"",modelName=""NVIDIA H100 80GB HBM3"""
"2025-07-18T20:42:34Z","DCGM_FI_DEV_GPU_UTIL","1","nvidia1","GPU-f04550ee-2df1-add0-5f41-bf4570269ec5","NVIDIA H100 80GB HBM3","mtv5-dgx1-hgpu-008","","","","100","DCGM_FI_DRIVER_VERSION=""535.129.03"",Hostname=""mtv5-dgx1-hgpu-008"",UUID=""GPU-f04550ee-2df1-add0-5f41-bf4570269ec5"",__name__=""DCGM_FI_DEV_GPU_UTIL"",device=""nvidia1"",gpu=""1"",instance=""mtv5-dgx1-hgpu-008:9400"",job=""dgx_dcgm_exporter"",modelName=""NVIDIA H100 80GB HBM3"""
"2025-07-18T20:42:34Z","DCGM_FI_DEV_GPU_UTIL","2","nvidia2","GPU-ca258b0e-7bd1-6c11-2eee-02a338ac1609","NVIDIA H100 80GB HBM3","mtv5-dgx1-hgpu-008","","","","100","DCGM_FI_DRIVER_VERSION=""535.129.03"",Hostname=""mtv5-dgx1-hgpu-008"",UUID=""GPU-ca258b0e-7bd1-6c11-2eee-02a338ac1609"",__name__=""DCGM_FI_DEV_GPU_UTIL"",device=""nvidia2"",gpu=""2"",instance=""mtv5-dgx1-hgpu-008:9400"",job=""dgx_dcgm_exporter"",modelName=""NVIDIA H100 80GB HBM3"""
"2025-07-18T20:42:34Z","DCGM_FI_DEV_GPU_UTIL","3","nvidia3","GPU-15c9c1d7-714c-c5ab-46a2-f55d77b70ca0","NVIDIA H100 80GB HBM3","mtv5-dgx1-hgpu-008","","","","100","DCGM_FI_DRIVER_VERSION=""535.129.03"",Hostname=""mtv5-dgx1-hgpu-008"",UUID=""GPU-15c9c1d7-714c-c5ab-46a2-f55d77b70ca0"",__name__=""DCGM_FI_DEV_GPU_UTIL"",device=""nvidia3"",gpu=""3"",instance=""mtv5-dgx1-hgpu-008:9400"",job=""dgx_dcgm_exporter"",modelName=""NVIDIA H100 80GB HBM3"""
"2025-07-18T20:42:34Z","DCGM_FI_DEV_GPU_UTIL","4","nvidia4","GPU-c40ad9e8-20e9-ad8e-099b-3202e852fec2","NVIDIA H100 80GB HBM3","mtv5-dgx1-hgpu-008","","","","61","DCGM_FI_DRIVER_VERSION=""535.129.03"",Hostname=""mtv5-dgx1-hgpu-008"",UUID=""GPU-c40ad9e8-20e9-ad8e-099b-3202e852fec2"",__name__=""DCGM_FI_DEV_GPU_UTIL"",device=""nvidia4"",gpu=""4"",instance=""mtv5-dgx1-hgpu-008:9400"",job=""dgx_dcgm_exporter"",modelName=""NVIDIA H100 80GB HBM3"""
"2025-07-18T20:42:34Z","DCGM_FI_DEV_GPU_UTIL","5","nvidia5","GPU-b255abcc-50a8-a808-2a20-4002dece8306","NVIDIA H100 80GB HBM3","mtv5-dgx1-hgpu-008","","","","100","DCGM_FI_DRIVER_VERSION=""535.129.03"",Hostname=""mtv5-dgx1-hgpu-008"",UUID=""GPU-b255abcc-50a8-a808-2a20-4002dece8306"",__name__=""DCGM_FI_DEV_GPU_UTIL"",device=""nvidia5"",gpu=""5"",instance=""mtv5-dgx1-hgpu-008:9400"",job=""dgx_dcgm_exporter"",modelName=""NVIDIA H100 80GB HBM3"""
"2025-07-18T20:42:34Z","DCGM_FI_DEV_GPU_UTIL","6","nvidia6","GPU-501a1d89-ff16-e142-96c3-610926a34b80","NVIDIA H100 80GB HBM3","mtv5-dgx1-hgpu-008","","","","100","DCGM_FI_DRIVER_VERSION=""535.129.03"",Hostname=""mtv5-dgx1-hgpu-008"",UUID=""GPU-501a1d89-ff16-e142-96c3-610926a34b80"",__name__=""DCGM_FI_DEV_GPU_UTIL"",device=""nvidia6"",gpu=""6"",instance=""mtv5-dgx1-hgpu-008:9400"",job=""dgx_dcgm_exporter"",modelName=""NVIDIA H100 80GB HBM3"""
"2025-07-18T20:42:34Z","DCGM_FI_DEV_GPU_UTIL","7","nvidia7","GPU-91f972ac-f810-2f25-978c-aeb9248ccca8","NVIDIA H100 80GB HBM3","mtv5-dgx1-hgpu-008","","","","100","DCGM_FI_DRIVER_VERSION=""535.129.03"",Hostname=""mtv5-dgx1-hgpu-008"",UUID=""GPU-91f972ac-f810-2f25-978c-aeb9248ccca8"",__name__=""DCGM_FI_DEV_GPU_UTIL"",device=""nvidia7"",gpu=""7"",instance=""mtv5-dgx1-hgpu-008:9400"",job=""dgx_dcgm_exporter"",modelName=""NVIDIA H100 80GB HBM3"""
"2025-07-18T20:42:34Z","DCGM_FI_DEV_GPU_UTIL","1","nvidia1","GPU-bb859f9b-6534-01a6-f5a1-bbb83a364f8d","NVIDIA H100 80GB HBM3","mtv5-dgx1-hgpu-003","","","","0","DCGM_FI_DRIVER_VERSION=""535.129.03"",Hostname=""mtv5-dgx1-hgpu-003"",UUID=""GPU-bb859f9b-6534-01a6-f5a1-bbb83a364f8d"",__name__=""DCGM_FI_DEV_GPU_UTIL"",device=""nvidia1"",gpu=""1"",instance=""mtv5-dgx1-hgpu-003:9400"",job=""dgx_dcgm_exporter"",modelName=""NVIDIA H100 80GB HBM3"""
"2025-07-18T20:42:34Z","DCGM_FI_DEV_GPU_UTIL","2","nvidia2","GPU-6e5c10e0-f1c2-91f6-f013-37fbc7df43d4","NVIDIA H100 80GB HBM3","mtv5-dgx1-hgpu-003","","","","0","DCGM_FI_DRIVER_VERSION=""535.129.03"",Hostname=""mtv5-dgx1-hgpu-003"",UUID=""GPU-6e5c10e0-f1c2-91f6-f013-37fbc7df43d4"",__name__=""DCGM_FI_DEV_GPU_UTIL"",device=""nvidia2"",gpu=""2"",instance=""mtv5-dgx1-hgpu-003:9400"",job=""dgx_dcgm_exporter"",modelName=""NVIDIA H100 80GB HBM3"""
"2025-07-18T20:42:34Z","DCGM_FI_DEV_GPU_UTIL","3","nvidia3","GPU-2c5d8e0b-01b6-85f3-2ac6-de10b7a43a14","NVIDIA H100 80GB HBM3","mtv5-dgx1-hgpu-003","","","","0","DCGM_FI_DRIVER_VERSION=""535.129.03"",Hostname=""mtv5-dgx1-hgpu-003"",UUID=""GPU-2c5d8e0b-01b6-85f3-2ac6-de10b7a43a14"",__name__=""DCGM_FI_DEV_GPU_UTIL"",device=""nvidia3"",gpu=""3"",instance=""mtv5-dgx1-hgpu-003:9400"",job=""dgx_dcgm_exporter"",modelName=""NVIDIA H100 80GB HBM3"""
"2025-07-18T20:42:34Z","DCGM_FI_DEV_GPU_UTIL","4","nvidia4","GPU-7c54441b-73b9-7721-df67-95f3aa5ec2fe","NVIDIA H100 80GB HBM3","mtv5-dgx1-hgpu-003","","","","0","DCGM_FI_DRIVER_VERSION=""535.129.03"",Hostname=""mtv5-dgx1-hgpu-003"",UUID=""GPU-7c54441b-73b9-7721-df67-95f3aa5ec2fe"",__name__=""DCGM_FI_DEV_GPU_UTIL"",device=""nvidia4"",gpu=""4"",instance=""mtv5-dgx1-hgpu-003:9400"",job=""dgx_dcgm_exporter"",modelName=""NVIDIA H100 80GB HBM3"""
"2025-07-18T20:42:34Z","DCGM_FI_DEV_GPU_UTIL","5","nvidia5","GPU-d3236b00-4bef-a02c-7f04-a1a3077bba1f","NVIDIA H100 80GB HBM3","mtv5-dgx1-hgpu-003","","","","0","DCGM_FI_DRIVER_VERSION=""535.129.03"",Hostname=""mtv5-dgx1-hgpu-003"",UUID=""GPU-d3236b00-4bef-a02c-7f04-a1a3077bba1f"",__name__=""DCGM_FI_DEV_GPU_UTIL"",device=""nvidia5"",gpu=""5"",instance=""mtv5-dgx1-hgpu-003:9400"",job=""dgx_dcgm_exporter"",modelName=""NVIDIA H100 80GB HBM3"""
"2025-07-18T20:42:34Z","DCGM_FI_DEV_GPU_UTIL","6","nvidia6","GPU-f25f008f-20b1-6323-ee80-d86d86465121","NVIDIA H100 80GB HBM3","mtv5-dgx1-hgpu-003","","","","0","DCGM_FI_DRIVER_VERSION=""535.129.03"",Hostname=""mtv5-dgx1-hgpu-003"",UUID=""GPU-f25f008f-20b1-6323-ee80-d86d86465121"",__name__=""DCGM_FI_DEV_GPU_UTIL"",device=""nvidia6"",gpu=""6"",instance=""mtv5-dgx1-hgpu-003:9400"",job=""dgx_dcgm_exporter"",modelName=""NVIDIA H100 80GB HBM3"""
"2025-07-18T20:42:34Z","DCGM_FI_DEV_GPU_UTIL","7","nvidia7","GPU-d19cf126-ad61-3c35-7585-cc04061f27c5","NVIDIA H100 80GB HBM3","mtv5-dgx1-hgpu-003","","","","0","DCGM_FI_DRIVER_VERSION=""535.129.03"",Hostname=""mtv5-dgx1-hgpu-003"",UUID=""GPU-d19cf126-ad61-3c35-7585-cc04061f27c5"",__name__=""DCGM_FI_DEV_GPU_UTIL"",device=""nvidia7"",gpu=""7"",instance=""mtv5-dgx1-hgpu-003:9400"",job=""dgx_dcgm_exporter"",modelName=""NVIDIA H100 80GB HBM3"""
"2025-07-18T20:42:34Z","DCGM_FI_DEV_GPU_UTIL","0","nvidia0","GPU-d01c972a-385c-2989-9381-66d4abdc00ef","NVIDIA H100 80GB HBM3","mtv5-dgx1-hgpu-017","","","","100","DCGM_FI_DRIVER_VERSION=""535.129.03"",Hostname=""mtv5-dgx1-hgpu-017"",UUID=""GPU-d01c972a-385c-2989-9381-66d4abdc00ef"",__name__=""DCGM_FI_DEV_GPU_UTIL"",device=""nvidia0"",gpu=""0"",instance=""mtv5-dgx1-hgpu-017:9400"",job=""dgx_dcgm_exporter"",modelName=""NVIDIA H100 80GB HBM3"""
"2025-07-18T20:42:34Z","DCGM_FI_DEV_GPU_UTIL","1","nvidia1","GPU-824d54a9-5256-3c73-9302-ca72768975fb","NVIDIA H100 80GB HBM3","mtv5-dgx1-hgpu-017","","","","100","DCGM_FI_DRIVER_VERSION=""535.129.03"",Hostname=""mtv5-dgx1-hgpu-017"",UUID=""GPU-824d54a9-5256-3c73-9302-ca72768975fb"",__name__=""DCGM_FI_DEV_GPU_UTIL"",device=""nvidia1"",gpu=""1"",instance=""mtv5-dgx1-hgpu-017:9400"",job=""dgx_dcgm_exporter"",modelName=""NVIDIA H100 80GB HBM3"""
"2025-07-18T20:42:34Z","DCGM_FI_DEV_GPU_UTIL","3","nvidia3","GPU-7af802cc-63ec-9645-8aeb-18ad6fcb498c","NVIDIA H100 80GB HBM3","mtv5-dgx1-hgpu-017","","","","100","DCGM_FI_DRIVER_VERSION=""535.129.03"",Hostname=""mtv5-dgx1-hgpu-017"",UUID=""GPU-7af802cc-63ec-9645-8aeb-18ad6fcb498c"",__name__=""DCGM_FI_DEV_GPU_UTIL"",device=""nvidia3"",gpu=""3"",instance=""mtv5-dgx1-hgpu-017:9400"",job=""dgx_dcgm_exporter"",modelName=""NVIDIA H100 80GB HBM3"""
"2025-07-18T20:42:34Z","DCGM_FI_DEV_GPU_UTIL","4","nvidia4","GPU-e412100c-ba58-d3b9-f676-0994a97dfb7f","NVIDIA H100 80GB HBM3","mtv5-dgx1-hgpu-017","","","","66","DCGM_FI_DRIVER_VERSION=""535.129.03"",Hostname=""mtv5-dgx1-hgpu-017"",UUID=""GPU-e412100c-ba58-d3b9-f676-0994a97dfb7f"",__name__=""DCGM_FI_DEV_GPU_UTIL"",device=""nvidia4"",gpu=""4"",instance=""mtv5-dgx1-hgpu-017:9400"",job=""dgx_dcgm_exporter"",modelName=""NVIDIA H100 80GB HBM3"""
"2025-07-18T20:42:34Z","DCGM_FI_DEV_GPU_UTIL","5","nvidia5","GPU-d59fc9a0-0657-c62f-5fa5-310f3b23cd57","NVIDIA H100 80GB HBM3","mtv5-dgx1-hgpu-017","","","","100","DCGM_FI_DRIVER_VERSION=""535.129.03"",Hostname=""mtv5-dgx1-hgpu-017"",UUID=""GPU-d59fc9a0-0657-c62f-5fa5-310f3b23cd57"",__name__=""DCGM_FI_DEV_GPU_UTIL"",device=""nvidia5"",gpu=""5"",instance=""mtv5-dgx1-hgpu-017:9400"",job=""dgx_dcgm_exporter"",modelName=""NVIDIA H100 80GB HBM3"""
"2025-07-18T20:42:34Z","DCGM_FI_DEV_GPU_UTIL","7","nvidia7","GPU-8aa241a7-b4e0-6f56-b990-6e9a136b73bc","NVIDIA H100 80GB HBM3","mtv5-dgx1-hgpu-017","","","","97","DCGM_FI_DRIVER_VERSION=""535.129.03"",Hostname=""mtv5-dgx1-hgpu-017"",UUID=""GPU-8aa241a7-b4e0-6f56-b990-6e9a136b73bc"",__name__=""DCGM_FI_DEV_GPU_UTIL"",device=""nvidia7"",gpu=""7"",instance=""mtv5-dgx1-hgpu-017:9400"",job=""dgx_dcgm_exporter"",modelName=""NVIDIA H100 80GB HBM3"""
"2025-07-18T20:42:34Z","DCGM_FI_DEV_GPU_UTIL","6","nvidia6","GPU-a938233b-037a-ddaa-6dbb-5fdfd10bc2d3","NVIDIA H100 80GB HBM3","mtv5-dgx1-hgpu-017","","","","72","DCGM_FI_DRIVER_VERSION=""535.129.03"",Hostname=""mtv5-dgx1-hgpu-017"",UUID=""GPU-a938233b-037a-ddaa-6dbb-5fdfd10bc2d3"",__name__=""DCGM_FI_DEV_GPU_UTIL"",device=""nvidia6"",gpu=""6"",instance=""mtv5-dgx1-hgpu-017:9400"",job=""dgx_dcgm_exporter"",modelName=""NVIDIA H100 80GB HBM3"""
"2025-07-18T20:42:34Z","DCGM_FI_DEV_GPU_UTIL","0","nvidia0","GPU-caea0e42-0359-ec5c-a7ec-7951039007d8","NVIDIA H100 80GB HBM3","mtv5-dgx1-hgpu-003","","","","0","DCGM_FI_DRIVER_VERSION=""535.129.03"",Hostname=""mtv5-dgx1-hgpu-003"",UUID=""GPU-caea0e42-0359-ec5c-a7ec-7951039007d8"",__name__=""DCGM_FI_DEV_GPU_UTIL"",device=""nvidia0"",gpu=""0"",instance=""mtv5-dgx1-hgpu-003:9400"",job=""dgx_dcgm_exporter"",modelName=""NVIDIA H100 80GB HBM3"""
"2025-07-18T20:42:34Z","DCGM_FI_DEV_GPU_UTIL","0","nvidia0","GPU-a20b4d58-9025-2046-b046-994dcd463641","NVIDIA H100 80GB HBM3","mtv5-dgx1-hgpu-001","","","","0","DCGM_FI_DRIVER_VERSION=""535.129.03"",Hostname=""mtv5-dgx1-hgpu-001"",UUID=""GPU-a20b4d58-9025-2046-b046-994dcd463641"",__name__=""DCGM_FI_DEV_GPU_UTIL"",device=""nvidia0"",gpu=""0"",instance=""mtv5-dgx1-hgpu-001:9400"",job=""dgx_dcgm_exporter"",modelName=""NVIDIA H100 80GB HBM3"""
"2025-07-18T20:42:34Z","DCGM_FI_DEV_GPU_UTIL","1","nvidia1","GPU-b4958c30-e63d-1c8c-1d86-7c7c780d8527","NVIDIA H100 80GB HBM3","mtv5-dgx1-hgpu-001","","","","0","DCGM_FI_DRIVER_VERSION=""535.129.03"",Hostname=""mtv5-dgx1-hgpu-001"",UUID=""GPU-b4958c30-e63d-1c8c-1d86-7c7c780d8527"",__name__=""DCGM_FI_DEV_GPU_UTIL"",device=""nvidia1"",gpu=""1"",instance=""mtv5-dgx1-hgpu-001:9400"",job=""dgx_dcgm_exporter"",modelName=""NVIDIA H100 80GB HBM3"""
"2025-07-18T20:42:34Z","DCGM_FI_DEV_GPU_UTIL","2","nvidia2","GPU-10e1f35b-72a1-130a-6685-76542440a460","NVIDIA H100 80GB HBM3","mtv5-dgx1-hgpu-001","","","","0","DCGM_FI_DRIVER_VERSION=""535.129.03"",Hostname=""mtv5-dgx1-hgpu-001"",UUID=""GPU-10e1f35b-72a1-130a-6685-76542440a460"",__name__=""DCGM_FI_DEV_GPU_UTIL"",device=""nvidia2"",gpu=""2"",instance=""mtv5-dgx1-hgpu-001:9400"",job=""dgx_dcgm_exporter"",modelName=""NVIDIA H100 80GB HBM3"""
"2025-07-18T20:42:34Z","DCGM_FI_DEV_GPU_UTIL","3","nvidia3","GPU-0dfa2074-ab9d-8e40-0532-a1dae9df0754","NVIDIA H100 80GB HBM3","mtv5-dgx1-hgpu-001","","","","0","DCGM_FI_DRIVER_VERSION=""535.129.03"",Hostname=""mtv5-dgx1-hgpu-001"",UUID=""GPU-0dfa2074-ab9d-8e40-0532-a1dae9df0754"",__name__=""DCGM_FI_DEV_GPU_UTIL"",device=""nvidia3"",gpu=""3"",instance=""mtv5-dgx1-hgpu-001:9400"",job=""dgx_dcgm_exporter"",modelName=""NVIDIA H100 80GB HBM3"""
"2025-07-18T20:42:34Z","DCGM_FI_DEV_GPU_UTIL","4","nvidia4","GPU-188aa08e-6189-de34-8707-cfb5156b8614","NVIDIA H100 80GB HBM3","mtv5-dgx1-hgpu-001","","","","0","DCGM_FI_DRIVER_VERSION=""535.129.03"",Hostname=""mtv5-dgx1-hgpu-001"",UUID=""GPU-188aa08e-6189-de34-8707-cfb5156b8614"",__name__=""DCGM_FI_DEV_GPU_UTIL"",device=""nvidia4"",gpu=""4"",instance=""mtv5-dgx1-hgpu-001:9400"",job=""dgx_dcgm_exporter"",modelName=""NVIDIA H100 80GB HBM3"""
"2025-07-18T20:42:34Z","DCGM_FI_DEV_GPU_UTIL","5","nvidia5","GPU-98eae3b6-730a-7fc2-103d-b81cb4ade0d1","NVIDIA H100 80GB HBM3","mtv5-dgx1-hgpu-001","","","","0","DCGM_FI_DRIVER_VERSION=""535.129.03"",Hostname=""mtv5-dgx1-hgpu-001"",UUID=""GPU-98eae3b6-730a-7fc2-103d-b81cb4ade0d1"",__name__=""DCGM_FI_DEV_GPU_UTIL"",device=""nvidia5"",gpu=""5"",instance=""mtv5-dgx1-hgpu-001:9400"",job=""dgx_dcgm_exporter"",modelName=""NVIDIA H100 80GB HBM3"""
"2025-07-18T20:42:34Z","DCGM_FI_DEV_GPU_UTIL","6","nvidia6","GPU-97640ca7-00a0-5627-858d-e056c3ed7418","NVIDIA H100 80GB HBM3","mtv5-dgx1-hgpu-001","","","","0","DCGM_FI_DRIVER_VERSION=""535.129.03"",Hostname=""mtv5-dgx1-hgpu-001"",UUID=""GPU-97640ca7-00a0-5627-858d-e056c3ed7418"",__name__=""DCGM_FI_DEV_GPU_UTIL"",device=""nvidia6"",gpu=""6"",instance=""mtv5-dgx1-hgpu-001:9400"",job=""dgx_dcgm_exporter"",modelName=""NVIDIA H100 80GB HBM3"""
"2025-07-18T20:42:34Z","DCGM_FI_DEV_GPU_UTIL","7","nvidia7","GPU-c18aa027-c31a-81f4-734c-509968e685e9","NVIDIA H100 80GB HBM3","mtv5-dgx1-hgpu-001","","","","0","DCGM_FI_DRIVER_VERSION=""535.129.03"",Hostname=""mtv5-dgx1-hgpu-001"",UUID=""GPU-c18aa027-c31a-81f4-734c-509968e685e9"",__name__=""DCGM_FI_DEV_GPU_UTIL"",device=""nvidia7"",gpu=""7"",instance=""mtv5-dgx1-hgpu-001:9400"",job=""dgx_dcgm_exporter"",modelName=""NVIDIA H100 80GB HBM3"""
"2025-07-18T20:42:34Z","DCGM_FI_DEV_GPU_UTIL","0","nvidia0","GPU-37e11a2e-976d-e36f-6d8c-e629b353a911","NVIDIA H100 80GB HBM3","mtv5-dgx1-hgpu-015","","","","0","DCGM_FI_DRIVER_VERSION=""535.129.03"",Hostname=""mtv5-dgx1-hgpu-015"",UUID=""GPU-37e11a2e-976d-e36f-6d8c-e629b353a911"",__name__=""DCGM_FI_DEV_GPU_UTIL"",device=""nvidia0"",gpu=""0"",instance=""mtv5-dgx1-hgpu-015:9400"",job=""dgx_dcgm_exporter"",modelName=""NVIDIA H100 80GB HBM3"""
"2025-07-18T20:42:34Z","DCGM_FI_DEV_GPU_UTIL","1","nvidia1","GPU-14f59670-bd1d-5720-c03d-d7788a9b78ed","NVIDIA H100 80GB HBM3","mtv5-dgx1-hgpu-015","","","","0","DCGM_FI_DRIVER_VERSION=""535.129.03"",Hostname=""mtv5-dgx1-hgpu-015"",UUID=""GPU-14f59670-bd1d-5720-c03d-d7788a9b78ed"",__name__=""DCGM_FI_DEV_GPU_UTIL"",device=""nvidia1"",gpu=""1"",instance=""mtv5-dgx1-hgpu-015:9400"",job=""dgx_dcgm_exporter"",modelName=""NVIDIA H100 80GB HBM3"""
"2025-07-18T20:42:34Z","DCGM_FI_DEV_GPU_UTIL","2","nvidia2","GPU-c21bfc77-dcb6-df62-ed79-caf11d0c62d9","NVIDIA H100 80GB HBM3","mtv5-dgx1-hgpu-015","","","","0","DCGM_FI_DRIVER_VERSION=""535.129.03"",Hostname=""mtv5-dgx1-hgpu-015"",UUID=""GPU-c21bfc77-dcb6-df62-ed79-caf11d0c62d9"",__name__=""DCGM_FI_DEV_GPU_UTIL"",device=""nvidia2"",gpu=""2"",instance=""mtv5-dgx1-hgpu-015:9400"",job=""dgx_dcgm_exporter"",modelName=""NVIDIA H100 80GB HBM3"""
"2025-07-18T20:42:34Z","DCGM_FI_DEV_GPU_UTIL","3","nvidia3","GPU-43a42a8a-c5bb-7c37-0096-f5098e8ea951","NVIDIA H100 80GB HBM3","mtv5-dgx1-hgpu-015","","","","0","DCGM_FI_DRIVER_VERSION=""535.129.03"",Hostname=""mtv5-dgx1-hgpu-015"",UUID=""GPU-43a42a8a-c5bb-7c37-0096-f5098e8ea951"",__name__=""DCGM_FI_DEV_GPU_UTIL"",device=""nvidia3"",gpu=""3"",instance=""mtv5-dgx1-hgpu-015:9400"",job=""dgx_dcgm_exporter"",modelName=""NVIDIA H100 80GB HBM3"""
"2025-07-18T20:42:34Z","DCGM_FI_DEV_GPU_UTIL","4","nvidia4","GPU-31814eea-ff06-6a59-c71c-8c0e5f7b04fd","NVIDIA H100 80GB HBM3","mtv5-dgx1-hgpu-015","","","","0","DCGM_FI_DRIVER_VERSION=""535.129.03"",Hostname=""mtv5-dgx1-hgpu-015"",UUID=""GPU-31814eea-ff06-6a59-c71c-8c0e5f7b04fd"",__name__=""DCGM_FI_DEV_GPU_UTIL"",device=""nvidia4"",gpu=""4"",instance=""mtv5-dgx1-hgpu-015:9400"",job=""dgx_dcgm_exporter"",modelName=""NVIDIA H100 80GB HBM3"""
"2025-07-18T20:42:34Z","DCGM_FI_DEV_GPU_UTIL","5","nvidia5","GPU-be036237-d880-e947-52bf-d5bcf8f675c3","NVIDIA H100 80GB HBM3","mtv5-dgx1-hgpu-015","","","","0","DCGM_FI_DRIVER_VERSION=""535.129.03"",Hostname=""mtv5-dgx1-hgpu-015"",UUID=""GPU-be036237-d880-e947-52bf-d5bcf8f675c3"",__name__=""DCGM_FI_DEV_GPU_UTIL"",device=""nvidia5"",gpu=""5"",instance=""mtv5-dgx1-hgpu-015:9400"",job=""dgx_dcgm_exporter"",modelName=""NVIDIA H100 80GB HBM3"""
"2025-07-18T20:42:34Z","DCGM_FI_DEV_GPU_UTIL","6","nvidia6","GPU-64be56f5-f573-f8c7-06d4-4bac8316cdf8","NVIDIA H100 80GB HBM3","mtv5-dgx1-hgpu-015","","","","0","DCGM_FI_DRIVER_VERSION=""535.129.03"",Hostname=""mtv5-dgx1-hgpu-015"",UUID=""GPU-64be56f5-f573-f8c7-06d4-4bac8316cdf8"",__name__=""DCGM_FI_DEV_GPU_UTIL"",device=""nvidia6"",gpu=""6"",instance=""mtv5-dgx1-hgpu-015:9400"",job=""dgx_dcgm_exporter"",modelName=""NVIDIA H100 80GB HBM3"""
"2025-07-18T20:42:34Z","DCGM_FI_DEV_GPU_UTIL","7","nvidia7","GPU-fd4ddd9a-4ebc-3875-7552-059c3858b041","NVIDIA H100 80GB HBM3","mtv5-dgx1-hgpu-015","","","","0","DCGM_FI_DRIVER_VERSION=""535.129.03"",Hostname=""mtv5-dgx1-hgpu-015"",UUID=""GPU-fd4ddd9a-4ebc-3875-7552-059c3858b041"",__name__=""DCGM_FI_DEV_GPU_UTIL"",device=""nvidia7"",gpu=""7"",instance=""mtv5-dgx1-hgpu-015:9400"",job=""dgx_dcgm_exporter"",modelName=""NVIDIA H100 80GB HBM3"""
"2025-07-18T20:42:34Z","DCGM_FI_DEV_GPU_UTIL","1","nvidia1","GPU-7be71fb5-765d-d0bb-6dad-5f85abfecf8c","NVIDIA H100 80GB HBM3","mtv5-dgx1-hgpu-005","","","","0","DCGM_FI_DRIVER_VERSION=""535.129.03"",Hostname=""mtv5-dgx1-hgpu-005"",UUID=""GPU-7be71fb5-765d-d0bb-6dad-5f85abfecf8c"",__name__=""DCGM_FI_DEV_GPU_UTIL"",device=""nvidia1"",gpu=""1"",instance=""mtv5-dgx1-hgpu-005:9400"",job=""dgx_dcgm_exporter"",modelName=""NVIDIA H100 80GB HBM3"""
"2025-07-18T20:42:34Z","DCGM_FI_DEV_GPU_UTIL","2","nvidia2","GPU-28ac2a82-53d6-7400-23a6-6bc07d98e3cd","NVIDIA H100 80GB HBM3","mtv5-dgx1-hgpu-005","","","","0","DCGM_FI_DRIVER_VERSION=""535.129.03"",Hostname=""mtv5-dgx1-hgpu-005"",UUID=""GPU-28ac2a82-53d6-7400-23a6-6bc07d98e3cd"",__name__=""DCGM_FI_DEV_GPU_UTIL"",device=""nvidia2"",gpu=""2"",instance=""mtv5-dgx1-hgpu-005:9400"",job=""dgx_dcgm_exporter"",modelName=""NVIDIA H100 80GB HBM3"""
"2025-07-18T20:42:34Z","DCGM_FI_DEV_GPU_UTIL","3","nvidia3","GPU-325b395e-d4de-c354-33e9-c23e50e97f4a","NVIDIA H100 80GB HBM3","mtv5-dgx1-hgpu-005","","","","0","DCGM_FI_DRIVER_VERSION=""535.129.03"",Hostname=""mtv5-dgx1-hgpu-005"",UUID=""GPU-325b395e-d4de-c354-33e9-c23e50e97f4a"",__name__=""DCGM_FI_DEV_GPU_UTIL"",device=""nvidia3"",gpu=""3"",instance=""mtv5-dgx1-hgpu-005:9400"",job=""dgx_dcgm_exporter"",modelName=""NVIDIA H100 80GB HBM3"""
"2025-07-18T20:42:34Z","DCGM_FI_DEV_GPU_UTIL","4","nvidia4","GPU-3e739853-98ac-74e8-14b5-4547d4392d08","NVIDIA H100 80GB HBM3","mtv5-dgx1-hgpu-005","","","","0","DCGM_FI_DRIVER_VERSION=""535.129.03"",Hostname=""mtv5-dgx1-hgpu-005"",UUID=""GPU-3e739853-98ac-74e8-14b5-4547d4392d08"",__name__=""DCGM_FI_DEV_GPU_UTIL"",device=""nvidia4"",gpu=""4"",instance=""mtv5-dgx1-hgpu-005:9400"",job=""dgx_dcgm_exporter"",modelName=""NVIDIA H100 80GB HBM3"""
"2025-07-18T20:42:34Z","DCGM_FI_DEV_GPU_UTIL","5","nvidia5","GPU-1d575378-cb75-7c57-31b2-9fe05c565965","NVIDIA H100 80GB HBM3","mtv5-dgx1-hgpu-005","","","","0","DCGM_FI_DRIVER_VERSION=""535.129.03"",Hostname=""mtv5-dgx1-hgpu-005"",UUID=""GPU-1d575378-cb75-7c57-31b2-9fe05c565965"",__name__=""DCGM_FI_DEV_GPU_UTIL"",device=""nvidia5"",gpu=""5"",instance=""mtv5-dgx1-hgpu-005:9400"",job=""dgx_dcgm_exporter"",modelName=""NVIDIA H100 80GB HBM3"""
"2025-07-18T20:42:34Z","DCGM_FI_DEV_GPU_UTIL","6","nvidia6","GPU-5cff564a-8ce8-c9a2-e0e6-80e6f86841a3","NVIDIA H100 80GB HBM3","mtv5-dgx1-hgpu-005","","","","0","DCGM_FI_DRIVER_VERSION=""535.129.03"",Hostname=""mtv5-dgx1-hgpu-005"",UUID=""GPU-5cff564a-8ce8-c9a2-e0e6-80e6f86841a3"",__name__=""DCGM_FI_DEV_GPU_UTIL"",device=""nvidia6"",gpu=""6"",instance=""mtv5-dgx1-hgpu-005:9400"",job=""dgx_dcgm_exporter"",modelName=""NVIDIA H100 80GB HBM3"""
"2025-07-18T20:42:34Z","DCGM_FI_DEV_GPU_UTIL","7","nvidia7","GPU-6535db87-79b2-262b-8dd1-33ef3767f5d4","NVIDIA H100 80GB HBM3","mtv5-dgx1-hgpu-005","","","","0","DCGM_FI_DRIVER_VERSION=""535.129.03"",Hostname=""mtv5-dgx1-hgpu-005"",UUID=""GPU-6535db87-79b2-262b-8dd1-33ef3767f5d4"",__name__=""DCGM_FI_DEV_GPU_UTIL"",device=""nvidia7"",gpu=""7"",instance=""mtv5-dgx1-hgpu-005:9400"",job=""dgx_dcgm_exporter"",modelName=""NVIDIA H100 80GB HBM3"""
"2025-07-18T20:42:34Z","DCGM_FI_DEV_GPU_UTIL","0","nvidia0","GPU-0e10267e-8ed2-065c-06fa-e9a19b02128c","NVIDIA H100 80GB HBM3","mtv5-dgx1-hgpu-004","","","","0","DCGM_FI_DRIVER_VERSION=""535.129.03"",Hostname=""mtv5-dgx1-hgpu-004"",UUID=""GPU-0e10267e-8ed2-065c-06fa-e9a19b02128c"",__name__=""DCGM_FI_DEV_GPU_UTIL"",device=""nvidia0"",gpu=""0"",instance=""mtv5-dgx1-hgpu-004:9400"",job=""dgx_dcgm_exporter"",modelName=""NVIDIA H100 80GB HBM3"""
"2025-07-18T20:42:34Z","DCGM_FI_DEV_GPU_UTIL","2","nvidia2","GPU-725f6990-7912-8a56-256a-c72ae2b2b311","NVIDIA H100 80GB HBM3","mtv5-dgx1-hgpu-004","","","","0","DCGM_FI_DRIVER_VERSION=""535.129.03"",Hostname=""mtv5-dgx1-hgpu-004"",UUID=""GPU-725f6990-7912-8a56-256a-c72ae2b2b311"",__name__=""DCGM_FI_DEV_GPU_UTIL"",device=""nvidia2"",gpu=""2"",instance=""mtv5-dgx1-hgpu-004:9400"",job=""dgx_dcgm_exporter"",modelName=""NVIDIA H100 80GB HBM3"""
"2025-07-18T20:42:34Z","DCGM_FI_DEV_GPU_UTIL","3","nvidia3","GPU-086b6786-2b04-a743-89c5-71055db6c485","NVIDIA H100 80GB HBM3","mtv5-dgx1-hgpu-004","","","","0","DCGM_FI_DRIVER_VERSION=""535.129.03"",Hostname=""mtv5-dgx1-hgpu-004"",UUID=""GPU-086b6786-2b04-a743-89c5-71055db6c485"",__name__=""DCGM_FI_DEV_GPU_UTIL"",device=""nvidia3"",gpu=""3"",instance=""mtv5-dgx1-hgpu-004:9400"",job=""dgx_dcgm_exporter"",modelName=""NVIDIA H100 80GB HBM3"""
"2025-07-18T20:42:34Z","DCGM_FI_DEV_GPU_UTIL","4","nvidia4","GPU-4b078bc6-e939-6e08-23c3-1e20034b2ea7","NVIDIA H100 80GB HBM3","mtv5-dgx1-hgpu-004","","","","0","DCGM_FI_DRIVER_VERSION=""535.129.03"",Hostname=""mtv5-dgx1-hgpu-004"",UUID=""GPU-4b078bc6-e939-6e08-23c3-1e20034b2ea7"",__name__=""DCGM_FI_DEV_GPU_UTIL"",device=""nvidia4"",gpu=""4"",instance=""mtv5-dgx1-hgpu-004:9400"",job=""dgx_dcgm_exporter"",modelName=""NVIDIA H100 80GB HBM3"""
"2025-07-18T20:42:34Z","DCGM_FI_DEV_GPU_UTIL","5","nvidia5","GPU-3173dfcd-5aa5-ca7f-3202-43bebd14f37f","NVIDIA H100 80GB HBM3","mtv5-dgx1-hgpu-004","","","","0","DCGM_FI_DRIVER_VERSION=""535.129.03"",Hostname=""mtv5-dgx1-hgpu-004"",UUID=""GPU-3173dfcd-5aa5-ca7f-3202-43bebd14f37f"",__name__=""DCGM_FI_DEV_GPU_UTIL"",device=""nvidia5"",gpu=""5"",instance=""mtv5-dgx1-hgpu-004:9400"",job=""dgx_dcgm_exporter"",modelName=""NVIDIA H100 80GB HBM3"""
"2025-07-18T20:42:34Z","DCGM_FI_DEV_GPU_UTIL","6","nvidia6","GPU-52f26115-a9d9-37e6-65a4-012a92665f2a","NVIDIA H100 80GB HBM3","mtv5-dgx1-hgpu-004","","","","0","DCGM_FI_DRIVER_VERSION=""535.129.03"",Hostname=""mtv5-dgx1-hgpu-004"",UUID=""GPU-52f26115-a9d9-37e6-65a4-012a92665f2a"",__name__=""DCGM_FI_DEV_GPU_UTIL"",device=""nvidia6"",gpu=""6"",instance=""mtv5-dgx1-hgpu-004:9400"",job=""dgx_dcgm_exporter"",modelName=""NVIDIA H100 80GB HBM3"""
"2025-07-18T20:42:34Z","DCGM_FI_DEV_GPU_UTIL","7","nvidia7","GPU-d6f7e880-ba7f-0e20-0b21-f8db2bd7a410","NVIDIA H100 80GB HBM3","mtv5-dgx1-hgpu-004","","","","0","DCGM_FI_DRIVER_VERSION=""535.129.03"",Hostname=""mtv5-dgx1-hgpu-004"",UUID=""GPU-d6f7e880-ba7f-0e20-0b21-f8db2bd7a410"",__name__=""DCGM_FI_DEV_GPU_UTIL"",device=""nvidia7"",gpu=""7"",instance=""mtv5-dgx1-hgpu-004:9400"",job=""dgx_dcgm_exporter"",modelName=""NVIDIA H100 80GB HBM3"""
"2025-07-18T20:42:34Z","DCGM_FI_DEV_GPU_UTIL","2","nvidia2","GPU-cce7fc0f-a07f-7fe9-3581-159db55a3f3d","NVIDIA H100 80GB HBM3","mtv5-dgx1-hgpu-022","","","","0","DCGM_FI_DRIVER_VERSION=""535.129.03"",Hostname=""mtv5-dgx1-hgpu-022"",UUID=""GPU-cce7fc0f-a07f-7fe9-3581-159db55a3f3d"",__name__=""DCGM_FI_DEV_GPU_UTIL"",device=""nvidia2"",gpu=""2"",instance=""mtv5-dgx1-hgpu-022:9400"",job=""dgx_dcgm_exporter"",modelName=""NVIDIA H100 80GB HBM3"""
"2025-07-18T20:42:34Z","DCGM_FI_DEV_GPU_UTIL","3","nvidia3","GPU-75454f4c-de95-8915-0cf9-93dced3b7757","NVIDIA H100 80GB HBM3","mtv5-dgx1-hgpu-022","","","","0","DCGM_FI_DRIVER_VERSION=""535.129.03"",Hostname=""mtv5-dgx1-hgpu-022"",UUID=""GPU-75454f4c-de95-8915-0cf9-93dced3b7757"",__name__=""DCGM_FI_DEV_GPU_UTIL"",device=""nvidia3"",gpu=""3"",instance=""mtv5-dgx1-hgpu-022:9400"",job=""dgx_dcgm_exporter"",modelName=""NVIDIA H100 80GB HBM3"""
"2025-07-18T20:42:34Z","DCGM_FI_DEV_GPU_UTIL","5","nvidia5","GPU-62120fe8-5a35-8f20-4b1e-936e70e86efc","NVIDIA H100 80GB HBM3","mtv5-dgx1-hgpu-022","","","","0","DCGM_FI_DRIVER_VERSION=""535.129.03"",Hostname=""mtv5-dgx1-hgpu-022"",UUID=""GPU-62120fe8-5a35-8f20-4b1e-936e70e86efc"",__name__=""DCGM_FI_DEV_GPU_UTIL"",device=""nvidia5"",gpu=""5"",instance=""mtv5-dgx1-hgpu-022:9400"",job=""dgx_dcgm_exporter"",modelName=""NVIDIA H100 80GB HBM3"""
"2025-07-18T20:42:34Z","DCGM_FI_DEV_GPU_UTIL","6","nvidia6","GPU-4241eef8-278e-57cc-32c6-f572bff49ae3","NVIDIA H100 80GB HBM3","mtv5-dgx1-hgpu-022","","","","0","DCGM_FI_DRIVER_VERSION=""535.129.03"",Hostname=""mtv5-dgx1-hgpu-022"",UUID=""GPU-4241eef8-278e-57cc-32c6-f572bff49ae3"",__name__=""DCGM_FI_DEV_GPU_UTIL"",device=""nvidia6"",gpu=""6"",instance=""mtv5-dgx1-hgpu-022:9400"",job=""dgx_dcgm_exporter"",modelName=""NVIDIA H100 80GB HBM3"""
"2025-07-18T20:42:34Z","DCGM_FI_DEV_GPU_UTIL","7","nvidia7","GPU-8cc1b380-7eab-048c-c7d8-f3eb07dc6e12","NVIDIA H100 80GB HBM3","mtv5-dgx1-hgpu-022","","","","0","DCGM_FI_DRIVER_VERSION=""535.129.03"",Hostname=""mtv5-dgx1-hgpu-022"",UUID=""GPU-8cc1b380-7eab-048c-c7d8-f3eb07dc6e12"",__name__=""DCGM_FI_DEV_GPU_UTIL"",device=""nvidia7"",gpu=""7"",instance=""mtv5-dgx1-hgpu-022:9400"",job=""dgx_dcgm_exporter"",modelName=""NVIDIA H100 80GB HBM3"""
"2025-07-18T20:42:34Z","DCGM_FI_DEV_GPU_UTIL","0","nvidia0","GPU-881c5ca1-be8e-a038-7f9e-3af3c143d344","NVIDIA H100 80GB HBM3","mtv5-dgx1-hgpu-023","","","","92","DCGM_FI_DRIVER_VERSION=""535.129.03"",Hostname=""mtv5-dgx1-hgpu-023"",UUID=""GPU-881c5ca1-be8e-a038-7f9e-3af3c143d344"",__name__=""DCGM_FI_DEV_GPU_UTIL"",device=""nvidia0"",gpu=""0"",instance=""mtv5-dgx1-hgpu-023:9400"",job=""dgx_dcgm_exporter"",modelName=""NVIDIA H100 80GB HBM3"""
"2025-07-18T20:42:34Z","DCGM_FI_DEV_GPU_UTIL","1","nvidia1","GPU-533c6f75-da55-54b1-4c75-c22e3aa33dc7","NVIDIA H100 80GB HBM3","mtv5-dgx1-hgpu-023","","","","92","DCGM_FI_DRIVER_VERSION=""535.129.03"",Hostname=""mtv5-dgx1-hgpu-023"",UUID=""GPU-533c6f75-da55-54b1-4c75-c22e3aa33dc7"",__name__=""DCGM_FI_DEV_GPU_UTIL"",device=""nvidia1"",gpu=""1"",instance=""mtv5-dgx1-hgpu-023:9400"",job=""dgx_dcgm_exporter"",modelName=""NVIDIA H100 80GB HBM3"""
"2025-07-18T20:42:34Z","DCGM_FI_DEV_GPU_UTIL","2","nvidia2","GPU-30db7d55-64ff-00ef-ad48-f7c10fe0e7ba","NVIDIA H100 80GB HBM3","mtv5-dgx1-hgpu-023","","","","98","DCGM_FI_DRIVER_VERSION=""535.129.03"",Hostname=""mtv5-dgx1-hgpu-023"",UUID=""GPU-30db7d55-64ff-00ef-ad48-f7c10fe0e7ba"",__name__=""DCGM_FI_DEV_GPU_UTIL"",device=""nvidia2"",gpu=""2"",instance=""mtv5-dgx1-hgpu-023:9400"",job=""dgx_dcgm_exporter"",modelName=""NVIDIA H100 80GB HBM3"""
"2025-07-18T20:42:34Z","DCGM_FI_DEV_GPU_UTIL","3","nvidia3","GPU-a7aa7b6d-db5c-6e47-7b33-eac039fcfdb2","NVIDIA H100 80GB HBM3","mtv5-dgx1-hgpu-023","","","","98","DCGM_FI_DRIVER_VERSION=""535.129.03"",Hostname=""mtv5-dgx1-hgpu-023"",UUID=""GPU-a7aa7b6d-db5c-6e47-7b33-eac039fcfdb2"",__name__=""DCGM_FI_DEV_GPU_UTIL"",device=""nvidia3"",gpu=""3"",instance=""mtv5-dgx1-hgpu-023:9400"",job=""dgx_dcgm_exporter"",modelName=""NVIDIA H100 80GB HBM3"""
"2025-07-18T20:42:34Z","DCGM_FI_DEV_GPU_UTIL","4","nvidia4","GPU-d0efdad3-9e0d-c565-4169-c3ef8b562c5b","NVIDIA H100 80GB HBM3","mtv5-dgx1-hgpu-023","","","","99","DCGM_FI_DRIVER_VERSION=""535.129.03"",Hostname=""mtv5-dgx1-hgpu-023"",UUID=""GPU-d0efdad3-9e0d-c565-4169-c3ef8b562c5b"",__name__=""DCGM_FI_DEV_GPU_UTIL"",device=""nvidia4"",gpu=""4"",instance=""mtv5-dgx1-hgpu-023:9400"",job=""dgx_dcgm_exporter"",modelName=""NVIDIA H100 80GB HBM3"""
"2025-07-18T20:42:34Z","DCGM_FI_DEV_GPU_UTIL","5","nvidia5","GPU-39bd9cd5-4893-dd40-aed2-0d6f6040457e","NVIDIA H100 80GB HBM3","mtv5-dgx1-hgpu-023","","","","99","DCGM_FI_DRIVER_VERSION=""535.129.03"",Hostname=""mtv5-dgx1-hgpu-023"",UUID=""GPU-39bd9cd5-4893-dd40-aed2-0d6f6040457e"",__name__=""DCGM_FI_DEV_GPU_UTIL"",device=""nvidia5"",gpu=""5"",instance=""mtv5-dgx1-hgpu-023:9400"",job=""dgx_dcgm_exporter"",modelName=""NVIDIA H100 80GB HBM3"""
"2025-07-18T20:42:34Z","DCGM_FI_DEV_GPU_UTIL","6","nvidia6","GPU-04c66791-3c3a-926b-c7f2-d2212e04ce30","NVIDIA H100 80GB HBM3","mtv5-dgx1-hgpu-023","","","","98","DCGM_FI_DRIVER_VERSION=""535.129.03"",Hostname=""mtv5-dgx1-hgpu-023"",UUID=""GPU-04c66791-3c3a-926b-c7f2-d2212e04ce30"",__name__=""DCGM_FI_DEV_GPU_UTIL"",device=""nvidia6"",gpu=""6"",instance=""mtv5-dgx1-hgpu-023:9400"",job=""dgx_dcgm_exporter"",modelName=""NVIDIA H100 80GB HBM3"""
"2025-07-18T20:42:34Z","DCGM_FI_DEV_GPU_UTIL","7","nvidia7","GPU-0615bf87-0945-cffd-8682-d54f56d7729f","NVIDIA H100 80GB HBM3","mtv5-dgx1-hgpu-023","","","","98","DCGM_FI_DRIVER_VERSION=""535.129.03"",Hostname=""mtv5-dgx1-hgpu-023"",UUID=""GPU-0615bf87-0945-cffd-8682-d54f56d7729f"",__name__=""DCGM_FI_DEV_GPU_UTIL"",device=""nvidia7"",gpu=""7"",instance=""mtv5-dgx1-hgpu-023:9400"",job=""dgx_dcgm_exporter"",modelName=""NVIDIA H100 80GB HBM3"""
"2025-07-18T20:42:34Z","DCGM_FI_DEV_GPU_UTIL","2","nvidia2","GPU-7fd99096-cfeb-2c95-68eb-9fe240ae4dc8","NVIDIA H100 80GB HBM3","mtv5-dgx1-hgpu-017","","","","100","DCGM_FI_DRIVER_VERSION=""535.129.03"",Hostname=""mtv5-dgx1-hgpu-017"",UUID=""GPU-7fd99096-cfeb-2c95-68eb-9fe240ae4dc8"",__name__=""DCGM_FI_DEV_GPU_UTIL"",device=""nvidia2"",gpu=""2"",instance=""mtv5-dgx1-hgpu-017:9400"",job=""dgx_dcgm_exporter"",modelName=""NVIDIA H100 80GB HBM3"""
"2025-07-18T20:42:34Z","DCGM_FI_DEV_GPU_UTIL","0","nvidia0","GPU-f6940597-3774-a486-0c5d-eb30af595bc8","NVIDIA H100 80GB HBM3","mtv5-dgx1-hgpu-005","","","","0","DCGM_FI_DRIVER_VERSION=""535.129.03"",Hostname=""mtv5-dgx1-hgpu-005"",UUID=""GPU-f6940597-3774-a486-0c5d-eb30af595bc8"",__name__=""DCGM_FI_DEV_GPU_UTIL"",device=""nvidia0"",gpu=""0"",instance=""mtv5-dgx1-hgpu-005:9400"",job=""dgx_dcgm_exporter"",modelName=""NVIDIA H100 80GB HBM3"""
"2025-07-18T20:42:34Z","DCGM_FI_DEV_GPU_UTIL","4","nvidia4","GPU-56594dd4-3dec-b01f-9e0e-93fb4f4b7c80","NVIDIA H100 80GB HBM3","mtv5-dgx1-hgpu-031","","","","99","DCGM_FI_DRIVER_VERSION=""535.129.03"",Hostname=""mtv5-dgx1-hgpu-031"",UUID=""GPU-56594dd4-3dec-b01f-9e0e-93fb4f4b7c80"",__name__=""DCGM_FI_DEV_GPU_UTIL"",device=""nvidia4"",gpu=""4"",instance=""mtv5-dgx1-hgpu-031:9400"",job=""dgx_dcgm_exporter"",modelName=""NVIDIA H100 80GB HBM3"""
"2025-07-18T20:42:34Z","DCGM_FI_DEV_GPU_UTIL","3","nvidia3","GPU-9d2cdee7-d015-fe1e-fc49-a1f5e8689a7f","NVIDIA H100 80GB HBM3","mtv5-dgx1-hgpu-016","","","","97","DCGM_FI_DRIVER_VERSION=""535.129.03"",Hostname=""mtv5-dgx1-hgpu-016"",UUID=""GPU-9d2cdee7-d015-fe1e-fc49-a1f5e8689a7f"",__name__=""DCGM_FI_DEV_GPU_UTIL"",device=""nvidia3"",gpu=""3"",instance=""mtv5-dgx1-hgpu-016:9400"",job=""dgx_dcgm_exporter"",modelName=""NVIDIA H100 80GB HBM3"""
"2025-07-18T20:42:34Z","DCGM_FI_DEV_GPU_UTIL","0","nvidia0","GPU-34987da7-2aa5-074a-e89f-942facb675a3","NVIDIA H100 80GB HBM3","mtv5-dgx1-hgpu-024","","","","100","DCGM_FI_DRIVER_VERSION=""535.129.03"",Hostname=""mtv5-dgx1-hgpu-024"",UUID=""GPU-34987da7-2aa5-074a-e89f-942facb675a3"",__name__=""DCGM_FI_DEV_GPU_UTIL"",device=""nvidia0"",gpu=""0"",instance=""mtv5-dgx1-hgpu-024:9400"",job=""dgx_dcgm_exporter"",modelName=""NVIDIA H100 80GB HBM3"""
"2025-07-18T20:42:34Z","DCGM_FI_DEV_GPU_UTIL","1","nvidia1","GPU-e12e600e-9569-45d6-275c-c1d77abd4e08","NVIDIA H100 80GB HBM3","mtv5-dgx1-hgpu-024","","","","100","DCGM_FI_DRIVER_VERSION=""535.129.03"",Hostname=""mtv5-dgx1-hgpu-024"",UUID=""GPU-e12e600e-9569-45d6-275c-c1d77abd4e08"",__name__=""DCGM_FI_DEV_GPU_UTIL"",device=""nvidia1"",gpu=""1"",instance=""mtv5-dgx1-hgpu-024:9400"",job=""dgx_dcgm_exporter"",modelName=""NVIDIA H100 80GB HBM3"""
"2025-07-18T20:42:34Z","DCGM_FI_DEV_GPU_UTIL","2","nvidia2","GPU-417bc14b-0721-a915-5c8b-6c7e4c6132b8","NVIDIA H100 80GB HBM3","mtv5-dgx1-hgpu-024","","","","91","DCGM_FI_DRIVER_VERSION=""535.129.03"",Hostname=""mtv5-dgx1-hgpu-024"",UUID=""GPU-417bc14b-0721-a915-5c8b-6c7e4c6132b8"",__name__=""DCGM_FI_DEV_GPU_UTIL"",device=""nvidia2"",gpu=""2"",instance=""mtv5-dgx1-hgpu-024:9400"",job=""dgx_dcgm_exporter"",modelName=""NVIDIA H100 80GB HBM3"""
"2025-07-18T20:42:34Z","DCGM_FI_DEV_GPU_UTIL","3","nvidia3","GPU-8a138b77-99a3-9809-7e32-7ca4929ff01a","NVIDIA H100 80GB HBM3","mtv5-dgx1-hgpu-024","","","","100","DCGM_FI_DRIVER_VERSION=""535.129.03"",Hostname=""mtv5-dgx1-hgpu-024"",UUID=""GPU-8a138b77-99a3-9809-7e32-7ca4929ff01a"",__name__=""DCGM_FI_DEV_GPU_UTIL"",device=""nvidia3"",gpu=""3"",instance=""mtv5-dgx1-hgpu-024:9400"",job=""dgx_dcgm_exporter"",modelName=""NVIDIA H100 80GB HBM3"""
"2025-07-18T20:42:34Z","DCGM_FI_DEV_GPU_UTIL","4","nvidia4","GPU-a70c69f5-0174-2b84-c860-417f36d9b479","NVIDIA H100 80GB HBM3","mtv5-dgx1-hgpu-024","","","","62","DCGM_FI_DRIVER_VERSION=""535.129.03"",Hostname=""mtv5-dgx1-hgpu-024"",UUID=""GPU-a70c69f5-0174-2b84-c860-417f36d9b479"",__name__=""DCGM_FI_DEV_GPU_UTIL"",device=""nvidia4"",gpu=""4"",instance=""mtv5-dgx1-hgpu-024:9400"",job=""dgx_dcgm_exporter"",modelName=""NVIDIA H100 80GB HBM3"""
"2025-07-18T20:42:34Z","DCGM_FI_DEV_GPU_UTIL","5","nvidia5","GPU-1707ce65-4a16-871d-76d0-d0612240d51a","NVIDIA H100 80GB HBM3","mtv5-dgx1-hgpu-024","","","","82","DCGM_FI_DRIVER_VERSION=""535.129.03"",Hostname=""mtv5-dgx1-hgpu-024"",UUID=""GPU-1707ce65-4a16-871d-76d0-d0612240d51a"",__name__=""DCGM_FI_DEV_GPU_UTIL"",device=""nvidia5"",gpu=""5"",instance=""mtv5-dgx1-hgpu-024:9400"",job=""dgx_dcgm_exporter"",modelName=""NVIDIA H100 80GB HBM3"""
"2025-07-18T20:42:34Z","DCGM_FI_DEV_GPU_UTIL","6","nvidia6","GPU-e2728786-d81c-2b21-63ec-a448f4329cda","NVIDIA H100 80GB HBM3","mtv5-dgx1-hgpu-024","","","","0","DCGM_FI_DRIVER_VERSION=""535.129.03"",Hostname=""mtv5-dgx1-hgpu-024"",UUID=""GPU-e2728786-d81c-2b21-63ec-a448f4329cda"",__name__=""DCGM_FI_DEV_GPU_UTIL"",device=""nvidia6"",gpu=""6"",instance=""mtv5-dgx1-hgpu-024:9400"",job=""dgx_dcgm_exporter"",modelName=""NVIDIA H100 80GB HBM3"""
"2025-07-18T20:42:34Z","DCGM_FI_DEV_GPU_UTIL","7","nvidia7","GPU-e8e22d2b-052c-e1c5-57f9-5cf05c46c906","NVIDIA H100 80GB HBM3","mtv5-dgx1-hgpu-024","","","","0","DCGM_FI_DRIVER_VERSION=""535.129.03"",Hostname=""mtv5-dgx1-hgpu-024"",UUID=""GPU-e8e22d2b-052c-e1c5-57f9-5cf05c46c906"",__name__=""DCGM_FI_DEV_GPU_UTIL"",device=""nvidia7"",gpu=""7"",instance=""mtv5-dgx1-hgpu-024:9400"",job=""dgx_dcgm_exporter"",modelName=""NVIDIA H100 80GB HBM3"""
"2025-07-18T20:42:34Z","DCGM_FI_DEV_GPU_UTIL","0","nvidia0","GPU-695fbe1e-f870-a369-7ee2-58d02593c6f3","NVIDIA H100 80GB HBM3","mtv5-dgx1-hgpu-018","","","","0","DCGM_FI_DRIVER_VERSION=""535.129.03"",Hostname=""mtv5-dgx1-hgpu-018"",UUID=""GPU-695fbe1e-f870-a369-7ee2-58d02593c6f3"",__name__=""DCGM_FI_DEV_GPU_UTIL"",device=""nvidia0"",gpu=""0"",instance=""mtv5-dgx1-hgpu-018:9400"",job=""dgx_dcgm_exporter"",modelName=""NVIDIA H100 80GB HBM3"""
"2025-07-18T20:42:34Z","DCGM_FI_DEV_GPU_UTIL","1","nvidia1","GPU-392b57fc-a053-1f5d-f3e2-0f260f15b96f","NVIDIA H100 80GB HBM3","mtv5-dgx1-hgpu-018","","","","0","DCGM_FI_DRIVER_VERSION=""535.129.03"",Hostname=""mtv5-dgx1-hgpu-018"",UUID=""GPU-392b57fc-a053-1f5d-f3e2-0f260f15b96f"",__name__=""DCGM_FI_DEV_GPU_UTIL"",device=""nvidia1"",gpu=""1"",instance=""mtv5-dgx1-hgpu-018:9400"",job=""dgx_dcgm_exporter"",modelName=""NVIDIA H100 80GB HBM3"""
"2025-07-18T20:42:34Z","DCGM_FI_DEV_GPU_UTIL","2","nvidia2","GPU-3a7d7446-86ef-f0c2-aa40-7a4726b83635","NVIDIA H100 80GB HBM3","mtv5-dgx1-hgpu-018","","","","0","DCGM_FI_DRIVER_VERSION=""535.129.03"",Hostname=""mtv5-dgx1-hgpu-018"",UUID=""GPU-3a7d7446-86ef-f0c2-aa40-7a4726b83635"",__name__=""DCGM_FI_DEV_GPU_UTIL"",device=""nvidia2"",gpu=""2"",instance=""mtv5-dgx1-hgpu-018:9400"",job=""dgx_dcgm_exporter"",modelName=""NVIDIA H100 80GB HBM3"""
"2025-07-18T20:42:34Z","DCGM_FI_DEV_GPU_UTIL","3","nvidia3","GPU-3ad48999-64c7-b5be-7b5a-047bb69e7025","NVIDIA H100 80GB HBM3","mtv5-dgx1-hgpu-018","","","","0","DCGM_FI_DRIVER_VERSION=""535.129.03"",Hostname=""mtv5-dgx1-hgpu-018"",UUID=""GPU-3ad48999-64c7-b5be-7b5a-047bb69e7025"",__name__=""DCGM_FI_DEV_GPU_UTIL"",device=""nvidia3"",gpu=""3"",instance=""mtv5-dgx1-hgpu-018:9400"",job=""dgx_dcgm_exporter"",modelName=""NVIDIA H100 80GB HBM3"""
"2025-07-18T20:42:34Z","DCGM_FI_DEV_GPU_UTIL","4","nvidia4","GPU-4ec054dd-df9e-ae94-269e-f1debdaadde1","NVIDIA H100 80GB HBM3","mtv5-dgx1-hgpu-018","","","","0","DCGM_FI_DRIVER_VERSION=""535.129.03"",Hostname=""mtv5-dgx1-hgpu-018"",UUID=""GPU-4ec054dd-df9e-ae94-269e-f1debdaadde1"",__name__=""DCGM_FI_DEV_GPU_UTIL"",device=""nvidia4"",gpu=""4"",instance=""mtv5-dgx1-hgpu-018:9400"",job=""dgx_dcgm_exporter"",modelName=""NVIDIA H100 80GB HBM3"""
"2025-07-18T20:42:34Z","DCGM_FI_DEV_GPU_UTIL","5","nvidia5","GPU-be8d73d1-4501-2af5-98ee-92bfbd6240cd","NVIDIA H100 80GB HBM3","mtv5-dgx1-hgpu-018","","","","0","DCGM_FI_DRIVER_VERSION=""535.129.03"",Hostname=""mtv5-dgx1-hgpu-018"",UUID=""GPU-be8d73d1-4501-2af5-98ee-92bfbd6240cd"",__name__=""DCGM_FI_DEV_GPU_UTIL"",device=""nvidia5"",gpu=""5"",instance=""mtv5-dgx1-hgpu-018:9400"",job=""dgx_dcgm_exporter"",modelName=""NVIDIA H100 80GB HBM3"""
"2025-07-18T20:42:34Z","DCGM_FI_DEV_GPU_UTIL","6","nvidia6","GPU-25fc06c5-db7f-b161-0dc2-4f6087e67bb0","NVIDIA H100 80GB HBM3","mtv5-dgx1-hgpu-018","","","","0","DCGM_FI_DRIVER_VERSION=""535.129.03"",Hostname=""mtv5-dgx1-hgpu-018"",UUID=""GPU-25fc06c5-db7f-b161-0dc2-4f6087e67bb0"",__name__=""DCGM_FI_DEV_GPU_UTIL"",device=""nvidia6"",gpu=""6"",instance=""mtv5-dgx1-hgpu-018:9400"",job=""dgx_dcgm_exporter"",modelName=""NVIDIA H100 80GB HBM3"""
"2025-07-18T20:42:34Z","DCGM_FI_DEV_GPU_UTIL","7","nvidia7","GPU-16e69029-451f-efea-f4a2-84b4b4a3eebe","NVIDIA H100 80GB HBM3","mtv5-dgx1-hgpu-018","","","","0","DCGM_FI_DRIVER_VERSION=""535.129.03"",Hostname=""mtv5-dgx1-hgpu-018"",UUID=""GPU-16e69029-451f-efea-f4a2-84b4b4a3eebe"",__name__=""DCGM_FI_DEV_GPU_UTIL"",device=""nvidia7"",gpu=""7"",instance=""mtv5-dgx1-hgpu-018:9400"",job=""dgx_dcgm_exporter"",modelName=""NVIDIA H100 80GB HBM3"""
"2025-07-18T20:42:34Z","DCGM_FI_DEV_GPU_UTIL","0","nvidia0","GPU-2cd2ec11-7579-da11-c8bb-14c4e7b90fe4","NVIDIA H100 80GB HBM3","mtv5-dgx1-hgpu-032","","","","0","DCGM_FI_DRIVER_VERSION=""535.129.03"",Hostname=""mtv5-dgx1-hgpu-032"",UUID=""GPU-2cd2ec11-7579-da11-c8bb-14c4e7b90fe4"",__name__=""DCGM_FI_DEV_GPU_UTIL"",device=""nvidia0"",gpu=""0"",instance=""mtv5-dgx1-hgpu-032:9400"",job=""dgx_dcgm_exporter"",modelName=""NVIDIA H100 80GB HBM3"""
"2025-07-18T20:42:34Z","DCGM_FI_DEV_GPU_UTIL","1","nvidia1","GPU-6d897301-6db8-fc57-b8c6-e71462c2f734","NVIDIA H100 80GB HBM3","mtv5-dgx1-hgpu-032","","","","0","DCGM_FI_DRIVER_VERSION=""535.129.03"",Hostname=""mtv5-dgx1-hgpu-032"",UUID=""GPU-6d897301-6db8-fc57-b8c6-e71462c2f734"",__name__=""DCGM_FI_DEV_GPU_UTIL"",device=""nvidia1"",gpu=""1"",instance=""mtv5-dgx1-hgpu-032:9400"",job=""dgx_dcgm_exporter"",modelName=""NVIDIA H100 80GB HBM3"""
"2025-07-18T20:42:34Z","DCGM_FI_DEV_GPU_UTIL","2","nvidia2","GPU-0aba4c65-be7d-8418-977a-c950c14b989a","NVIDIA H100 80GB HBM3","mtv5-dgx1-hgpu-032","","","","0","DCGM_FI_DRIVER_VERSION=""535.129.03"",Hostname=""mtv5-dgx1-hgpu-032"",UUID=""GPU-0aba4c65-be7d-8418-977a-c950c14b989a"",__name__=""DCGM_FI_DEV_GPU_UTIL"",device=""nvidia2"",gpu=""2"",instance=""mtv5-dgx1-hgpu-032:9400"",job=""dgx_dcgm_exporter"",modelName=""NVIDIA H100 80GB HBM3"""
"2025-07-18T20:42:34Z","DCGM_FI_DEV_GPU_UTIL","3","nvidia3","GPU-c586cd56-e520-357d-f402-14464d8f8512","NVIDIA H100 80GB HBM3","mtv5-dgx1-hgpu-032","","","","0","DCGM_FI_DRIVER_VERSION=""535.129.03"",Hostname=""mtv5-dgx1-hgpu-032"",UUID=""GPU-c586cd56-e520-357d-f402-14464d8f8512"",__name__=""DCGM_FI_DEV_GPU_UTIL"",device=""nvidia3"",gpu=""3"",instance=""mtv5-dgx1-hgpu-032:9400"",job=""dgx_dcgm_exporter"",modelName=""NVIDIA H100 80GB HBM3"""
"2025-07-18T20:42:34Z","DCGM_FI_DEV_GPU_UTIL","4","nvidia4","GPU-75ca836f-12a0-9fbe-13a2-17733a5f68e4","NVIDIA H100 80GB HBM3","mtv5-dgx1-hgpu-032","","","","0","DCGM_FI_DRIVER_VERSION=""535.129.03"",Hostname=""mtv5-dgx1-hgpu-032"",UUID=""GPU-75ca836f-12a0-9fbe-13a2-17733a5f68e4"",__name__=""DCGM_FI_DEV_GPU_UTIL"",device=""nvidia4"",gpu=""4"",instance=""mtv5-dgx1-hgpu-032:9400"",job=""dgx_dcgm_exporter"",modelName=""NVIDIA H100 80GB HBM3"""
"2025-07-18T20:42:34Z","DCGM_FI_DEV_GPU_UTIL","5","nvidia5","GPU-83d7ef4a-3833-b572-8b1d-e3a734635d10","NVIDIA H100 80GB HBM3","mtv5-dgx1-hgpu-032","","","","0","DCGM_FI_DRIVER_VERSION=""535.129.03"",Hostname=""mtv5-dgx1-hgpu-032"",UUID=""GPU-83d7ef4a-3833-b572-8b1d-e3a734635d10"",__name__=""DCGM_FI_DEV_GPU_UTIL"",device=""nvidia5"",gpu=""5"",instance=""mtv5-dgx1-hgpu-032:9400"",job=""dgx_dcgm_exporter"",modelName=""NVIDIA H100 80GB HBM3"""
"2025-07-18T20:42:34Z","DCGM_FI_DEV_GPU_UTIL","6","nvidia6","GPU-f2b8d424-ed80-cddd-67d0-00bf52c03704","NVIDIA H100 80GB HBM3","mtv5-dgx1-hgpu-032","","","","0","DCGM_FI_DRIVER_VERSION=""535.129.03"",Hostname=""mtv5-dgx1-hgpu-032"",UUID=""GPU-f2b8d424-ed80-cddd-67d0-00bf52c03704"",__name__=""DCGM_FI_DEV_GPU_UTIL"",device=""nvidia6"",gpu=""6"",instance=""mtv5-dgx1-hgpu-032:9400"",job=""dgx_dcgm_exporter"",modelName=""NVIDIA H100 80GB HBM3"""
"2025-07-18T20:42:34Z","DCGM_FI_DEV_GPU_UTIL","7","nvidia7","GPU-17a980d0-e810-c373-51bf-5956b97680e4","NVIDIA H100 80GB HBM3","mtv5-dgx1-hgpu-032","","","","0","DCGM_FI_DRIVER_VERSION=""535.129.03"",Hostname=""mtv5-dgx1-hgpu-032"",UUID=""GPU-17a980d0-e810-c373-51bf-5956b97680e4"",__name__=""DCGM_FI_DEV_GPU_UTIL"",device=""nvidia7"",gpu=""7"",instance=""mtv5-dgx1-hgpu-032:9400"",job=""dgx_dcgm_exporter"",modelName=""NVIDIA H100 80GB HBM3"""
"2025-07-18T20:42:34Z","DCGM_FI_DEV_GPU_UTIL","0","nvidia0","GPU-8fdadc1f-8941-bd5b-e6e9-5f611bdc34b5","NVIDIA H100 80GB HBM3","mtv5-dgx1-hgpu-009","","","","0","DCGM_FI_DRIVER_VERSION=""535.129.03"",Hostname=""mtv5-dgx1-hgpu-009"",UUID=""GPU-8fdadc1f-8941-bd5b-e6e9-5f611bdc34b5"",__name__=""DCGM_FI_DEV_GPU_UTIL"",device=""nvidia0"",gpu=""0"",instance=""mtv5-dgx1-hgpu-009:9400"",job=""dgx_dcgm_exporter"",modelName=""NVIDIA H100 80GB HBM3"""
"2025-07-18T20:42:34Z","DCGM_FI_DEV_GPU_UTIL","1","nvidia1","GPU-ae5c92ec-aefd-7323-95d3-451cdb8352d5","NVIDIA H100 80GB HBM3","mtv5-dgx1-hgpu-009","","","","0","DCGM_FI_DRIVER_VERSION=""535.129.03"",Hostname=""mtv5-dgx1-hgpu-009"",UUID=""GPU-ae5c92ec-aefd-7323-95d3-451cdb8352d5"",__name__=""DCGM_FI_DEV_GPU_UTIL"",device=""nvidia1"",gpu=""1"",instance=""mtv5-dgx1-hgpu-009:9400"",job=""dgx_dcgm_exporter"",modelName=""NVIDIA H100 80GB HBM3"""
"2025-07-18T20:42:34Z","DCGM_FI_DEV_GPU_UTIL","2","nvidia2","GPU-8d688ab0-8348-a846-3e44-3895edafe15e","NVIDIA H100 80GB HBM3","mtv5-dgx1-hgpu-009","","","","0","DCGM_FI_DRIVER_VERSION=""535.129.03"",Hostname=""mtv5-dgx1-hgpu-009"",UUID=""GPU-8d688ab0-8348-a846-3e44-3895edafe15e"",__name__=""DCGM_FI_DEV_GPU_UTIL"",device=""nvidia2"",gpu=""2"",instance=""mtv5-dgx1-hgpu-009:9400"",job=""dgx_dcgm_exporter"",modelName=""NVIDIA H100 80GB HBM3"""
"2025-07-18T20:42:34Z","DCGM_FI_DEV_GPU_UTIL","3","nvidia3","GPU-166d9af0-5cf1-e178-588e-666bb615159a","NVIDIA H100 80GB HBM3","mtv5-dgx1-hgpu-009","","","","0","DCGM_FI_DRIVER_VERSION=""535.129.03"",Hostname=""mtv5-dgx1-hgpu-009"",UUID=""GPU-166d9af0-5cf1-e178-588e-666bb615159a"",__name__=""DCGM_FI_DEV_GPU_UTIL"",device=""nvidia3"",gpu=""3"",instance=""mtv5-dgx1-hgpu-009:9400"",job=""dgx_dcgm_exporter"",modelName=""NVIDIA H100 80GB HBM3"""
"2025-07-18T20:42:34Z","DCGM_FI_DEV_GPU_UTIL","4","nvidia4","GPU-de0d28fc-5b6a-9485-62f0-342a15556aac","NVIDIA H100 80GB HBM3","mtv5-dgx1-hgpu-009","","","","0","DCGM_FI_DRIVER_VERSION=""535.129.03"",Hostname=""mtv5-dgx1-hgpu-009"",UUID=""GPU-de0d28fc-5b6a-9485-62f0-342a15556aac"",__name__=""DCGM_FI_DEV_GPU_UTIL"",device=""nvidia4"",gpu=""4"",instance=""mtv5-dgx1-hgpu-009:9400"",job=""dgx_dcgm_exporter"",modelName=""NVIDIA H100 80GB HBM3"""
"2025-07-18T20:42:34Z","DCGM_FI_DEV_GPU_UTIL","5","nvidia5","GPU-7daa3718-c9e5-ce44-a827-12d72aba882a","NVIDIA H100 80GB HBM3","mtv5-dgx1-hgpu-009","","","","0","DCGM_FI_DRIVER_VERSION=""535.129.03"",Hostname=""mtv5-dgx1-hgpu-009"",UUID=""GPU-7daa3718-c9e5-ce44-a827-12d72aba882a"",__name__=""DCGM_FI_DEV_GPU_UTIL"",device=""nvidia5"",gpu=""5"",instance=""mtv5-dgx1-hgpu-009:9400"",job=""dgx_dcgm_exporter"",modelName=""NVIDIA H100 80GB HBM3"""
"2025-07-18T20:42:34Z","DCGM_FI_DEV_GPU_UTIL","6","nvidia6","GPU-6ce913a7-0a5e-8235-07d5-bb540e683200","NVIDIA H100 80GB HBM3","mtv5-dgx1-hgpu-009","","","","0","DCGM_FI_DRIVER_VERSION=""535.129.03"",Hostname=""mtv5-dgx1-hgpu-009"",UUID=""GPU-6ce913a7-0a5e-8235-07d5-bb540e683200"",__name__=""DCGM_FI_DEV_GPU_UTIL"",device=""nvidia6"",gpu=""6"",instance=""mtv5-dgx1-hgpu-009:9400"",job=""dgx_dcgm_exporter"",modelName=""NVIDIA H100 80GB HBM3"""
"2025-07-18T20:42:34Z","DCGM_FI_DEV_GPU_UTIL","7","nvidia7","GPU-5e267b18-efff-dc67-11ba-91fd449bf176","NVIDIA H100 80GB HBM3","mtv5-dgx1-hgpu-009","","","","0","DCGM_FI_DRIVER_VERSION=""535.129.03"",Hostname=""mtv5-dgx1-hgpu-009"",UUID=""GPU-5e267b18-efff-dc67-11ba-91fd449bf176"",__name__=""DCGM_FI_DEV_GPU_UTIL"",device=""nvidia7"",gpu=""7"",instance=""mtv5-dgx1-hgpu-009:9400"",job=""dgx_dcgm_exporter"",modelName=""NVIDIA H100 80GB HBM3"""
"2025-07-18T20:42:34Z","DCGM_FI_DEV_GPU_UTIL","0","nvidia0","GPU-3ffd8562-b0a5-608a-c997-f96df3575f14","NVIDIA H100 80GB HBM3","mtv5-dgx1-hgpu-030","","","","97","DCGM_FI_DRIVER_VERSION=""535.129.03"",Hostname=""mtv5-dgx1-hgpu-030"",UUID=""GPU-3ffd8562-b0a5-608a-c997-f96df3575f14"",__name__=""DCGM_FI_DEV_GPU_UTIL"",device=""nvidia0"",gpu=""0"",instance=""mtv5-dgx1-hgpu-030:9400"",job=""dgx_dcgm_exporter"",modelName=""NVIDIA H100 80GB HBM3"""
"2025-07-18T20:42:34Z","DCGM_FI_DEV_GPU_UTIL","1","nvidia1","GPU-46a92652-7283-4870-c5c8-b7b6770e677a","NVIDIA H100 80GB HBM3","mtv5-dgx1-hgpu-030","","","","98","DCGM_FI_DRIVER_VERSION=""535.129.03"",Hostname=""mtv5-dgx1-hgpu-030"",UUID=""GPU-46a92652-7283-4870-c5c8-b7b6770e677a"",__name__=""DCGM_FI_DEV_GPU_UTIL"",device=""nvidia1"",gpu=""1"",instance=""mtv5-dgx1-hgpu-030:9400"",job=""dgx_dcgm_exporter"",modelName=""NVIDIA H100 80GB HBM3"""
"2025-07-18T20:42:34Z","DCGM_FI_DEV_GPU_UTIL","2","nvidia2","GPU-fbea268c-c47e-0499-f81d-627caef126a4","NVIDIA H100 80GB HBM3","mtv5-dgx1-hgpu-030","","","","99","DCGM_FI_DRIVER_VERSION=""535.129.03"",Hostname=""mtv5-dgx1-hgpu-030"",UUID=""GPU-fbea268c-c47e-0499-f81d-627caef126a4"",__name__=""DCGM_FI_DEV_GPU_UTIL"",device=""nvidia2"",gpu=""2"",instance=""mtv5-dgx1-hgpu-030:9400"",job=""dgx_dcgm_exporter"",modelName=""NVIDIA H100 80GB HBM3"""
"2025-07-18T20:42:34Z","DCGM_FI_DEV_GPU_UTIL","3","nvidia3","GPU-444d0bf7-8f84-508e-ed71-f2a791f5708c","NVIDIA H100 80GB HBM3","mtv5-dgx1-hgpu-030","","","","98","DCGM_FI_DRIVER_VERSION=""535.129.03"",Hostname=""mtv5-dgx1-hgpu-030"",UUID=""GPU-444d0bf7-8f84-508e-ed71-f2a791f5708c"",__name__=""DCGM_FI_DEV_GPU_UTIL"",device=""nvidia3"",gpu=""3"",instance=""mtv5-dgx1-hgpu-030:9400"",job=""dgx_dcgm_exporter"",modelName=""NVIDIA H100 80GB HBM3"""
"2025-07-18T20:42:34Z","DCGM_FI_DEV_GPU_UTIL","4","nvidia4","GPU-af309c21-b653-d45c-33d5-0d5ef5daa67f","NVIDIA H100 80GB HBM3","mtv5-dgx1-hgpu-030","","","","91","DCGM_FI_DRIVER_VERSION=""535.129.03"",Hostname=""mtv5-dgx1-hgpu-030"",UUID=""GPU-af309c21-b653-d45c-33d5-0d5ef5daa67f"",__name__=""DCGM_FI_DEV_GPU_UTIL"",device=""nvidia4"",gpu=""4"",instance=""mtv5-dgx1-hgpu-030:9400"",job=""dgx_dcgm_exporter"",modelName=""NVIDIA H100 80GB HBM3"""
"2025-07-18T20:42:34Z","DCGM_FI_DEV_GPU_UTIL","5","nvidia5","GPU-c545631d-20ba-a1a0-42e7-189d4fa0ef9a","NVIDIA H100 80GB HBM3","mtv5-dgx1-hgpu-030","","","","98","DCGM_FI_DRIVER_VERSION=""535.129.03"",Hostname=""mtv5-dgx1-hgpu-030"",UUID=""GPU-c545631d-20ba-a1a0-42e7-189d4fa0ef9a"",__name__=""DCGM_FI_DEV_GPU_UTIL"",device=""nvidia5"",gpu=""5"",instance=""mtv5-dgx1-hgpu-030:9400"",job=""dgx_dcgm_exporter"",modelName=""NVIDIA H100 80GB HBM3"""
"2025-07-18T20:42:34Z","DCGM_FI_DEV_GPU_UTIL","6","nvidia6","GPU-7cc46cf7-932b-870d-9157-65789cdacadf","NVIDIA H100 80GB HBM3","mtv5-dgx1-hgpu-030","","","","93","DCGM_FI_DRIVER_VERSION=""535.129.03"",Hostname=""mtv5-dgx1-hgpu-030"",UUID=""GPU-7cc46cf7-932b-870d-9157-65789cdacadf"",__name__=""DCGM_FI_DEV_GPU_UTIL"",device=""nvidia6"",gpu=""6"",instance=""mtv5-dgx1-hgpu-030:9400"",job=""dgx_dcgm_exporter"",modelName=""NVIDIA H100 80GB HBM3"""
"2025-07-18T20:42:34Z","DCGM_FI_DEV_GPU_UTIL","7","nvidia7","GPU-28e21937-a2e4-d348-3c61-5dd426503b15","NVIDIA H100 80GB HBM3","mtv5-dgx1-hgpu-030","","","","99","DCGM_FI_DRIVER_VERSION=""535.129.03"",Hostname=""mtv5-dgx1-hgpu-030"",UUID=""GPU-28e21937-a2e4-d348-3c61-5dd426503b15"",__name__=""DCGM_FI_DEV_GPU_UTIL"",device=""nvidia7"",gpu=""7"",instance=""mtv5-dgx1-hgpu-030:9400"",job=""dgx_dcgm_exporter"",modelName=""NVIDIA H100 80GB HBM3"""
"2025-07-18T20:42:34Z","DCGM_FI_DEV_GPU_UTIL","1","nvidia1","GPU-81879875-217d-af26-43fe-d19469673f61","NVIDIA H100 80GB HBM3","mtv5-dgx1-hgpu-004","","","","0","DCGM_FI_DRIVER_VERSION=""535.129.03"",Hostname=""mtv5-dgx1-hgpu-004"",UUID=""GPU-81879875-217d-af26-43fe-d19469673f61"",__name__=""DCGM_FI_DEV_GPU_UTIL"",device=""nvidia1"",gpu=""1"",instance=""mtv5-dgx1-hgpu-004:9400"",job=""dgx_dcgm_exporter"",modelName=""NVIDIA H100 80GB HBM3"""
"2025-07-18T20:42:34Z","DCGM_FI_DEV_GPU_UTIL","0","nvidia0","GPU-bbadede8-d386-0ae8-1451-7d35aa06ea88","NVIDIA H100 80GB HBM3","mtv5-dgx1-hgpu-029","","","","91","DCGM_FI_DRIVER_VERSION=""535.129.03"",Hostname=""mtv5-dgx1-hgpu-029"",UUID=""GPU-bbadede8-d386-0ae8-1451-7d35aa06ea88"",__name__=""DCGM_FI_DEV_GPU_UTIL"",device=""nvidia0"",gpu=""0"",instance=""mtv5-dgx1-hgpu-029:9400"",job=""dgx_dcgm_exporter"",modelName=""NVIDIA H100 80GB HBM3"""
"2025-07-18T20:42:34Z","DCGM_FI_DEV_GPU_UTIL","1","nvidia1","GPU-e3fd143d-863d-7335-f37e-234c55a1b237","NVIDIA H100 80GB HBM3","mtv5-dgx1-hgpu-029","","","","92","DCGM_FI_DRIVER_VERSION=""535.129.03"",Hostname=""mtv5-dgx1-hgpu-029"",UUID=""GPU-e3fd143d-863d-7335-f37e-234c55a1b237"",__name__=""DCGM_FI_DEV_GPU_UTIL"",device=""nvidia1"",gpu=""1"",instance=""mtv5-dgx1-hgpu-029:9400"",job=""dgx_dcgm_exporter"",modelName=""NVIDIA H100 80GB HBM3"""
"2025-07-18T20:42:34Z","DCGM_FI_DEV_GPU_UTIL","2","nvidia2","GPU-ff55892e-4ef0-e52b-3ade-3ed9975c2a4a","NVIDIA H100 80GB HBM3","mtv5-dgx1-hgpu-029","","","","0","DCGM_FI_DRIVER_VERSION=""535.129.03"",Hostname=""mtv5-dgx1-hgpu-029"",UUID=""GPU-ff55892e-4ef0-e52b-3ade-3ed9975c2a4a"",__name__=""DCGM_FI_DEV_GPU_UTIL"",device=""nvidia2"",gpu=""2"",instance=""mtv5-dgx1-hgpu-029:9400"",job=""dgx_dcgm_exporter"",modelName=""NVIDIA H100 80GB HBM3"""
"2025-07-18T20:42:34Z","DCGM_FI_DEV_GPU_UTIL","3","nvidia3","GPU-87fc2b18-76d9-8e5f-b858-315831222d8d","NVIDIA H100 80GB HBM3","mtv5-dgx1-hgpu-029","","","","0","DCGM_FI_DRIVER_VERSION=""535.129.03"",Hostname=""mtv5-dgx1-hgpu-029"",UUID=""GPU-87fc2b18-76d9-8e5f-b858-315831222d8d"",__name__=""DCGM_FI_DEV_GPU_UTIL"",device=""nvidia3"",gpu=""3"",instance=""mtv5-dgx1-hgpu-029:9400"",job=""dgx_dcgm_exporter"",modelName=""NVIDIA H100 80GB HBM3"""
"2025-07-18T20:42:34Z","DCGM_FI_DEV_GPU_UTIL","4","nvidia4","GPU-54cea935-71d3-0c5f-dbac-54ff3d8edf4f","NVIDIA H100 80GB HBM3","mtv5-dgx1-hgpu-029","","","","47","DCGM_FI_DRIVER_VERSION=""535.129.03"",Hostname=""mtv5-dgx1-hgpu-029"",UUID=""GPU-54cea935-71d3-0c5f-dbac-54ff3d8edf4f"",__name__=""DCGM_FI_DEV_GPU_UTIL"",device=""nvidia4"",gpu=""4"",instance=""mtv5-dgx1-hgpu-029:9400"",job=""dgx_dcgm_exporter"",modelName=""NVIDIA H100 80GB HBM3"""
"2025-07-18T20:42:34Z","DCGM_FI_DEV_GPU_UTIL","5","nvidia5","GPU-b25f16f9-4753-8d9b-e4cb-c606c6fcba48","NVIDIA H100 80GB HBM3","mtv5-dgx1-hgpu-029","","","","68","DCGM_FI_DRIVER_VERSION=""535.129.03"",Hostname=""mtv5-dgx1-hgpu-029"",UUID=""GPU-b25f16f9-4753-8d9b-e4cb-c606c6fcba48"",__name__=""DCGM_FI_DEV_GPU_UTIL"",device=""nvidia5"",gpu=""5"",instance=""mtv5-dgx1-hgpu-029:9400"",job=""dgx_dcgm_exporter"",modelName=""NVIDIA H100 80GB HBM3"""
"2025-07-18T20:42:34Z","DCGM_FI_DEV_GPU_UTIL","6","nvidia6","GPU-c7acebde-bb50-61f4-c31c-4eed24a469e7","NVIDIA H100 80GB HBM3","mtv5-dgx1-hgpu-029","","","","58","DCGM_FI_DRIVER_VERSION=""535.129.03"",Hostname=""mtv5-dgx1-hgpu-029"",UUID=""GPU-c7acebde-bb50-61f4-c31c-4eed24a469e7"",__name__=""DCGM_FI_DEV_GPU_UTIL"",device=""nvidia6"",gpu=""6"",instance=""mtv5-dgx1-hgpu-029:9400"",job=""dgx_dcgm_exporter"",modelName=""NVIDIA H100 80GB HBM3"""
"2025-07-18T20:42:34Z","DCGM_FI_DEV_GPU_UTIL","7","nvidia7","GPU-b4183f90-dccc-5d28-f75c-8e937b51c760","NVIDIA H100 80GB HBM3","mtv5-dgx1-hgpu-029","","","","73","DCGM_FI_DRIVER_VERSION=""535.129.03"",Hostname=""mtv5-dgx1-hgpu-029"",UUID=""GPU-b4183f90-dccc-5d28-f75c-8e937b51c760"",__name__=""DCGM_FI_DEV_GPU_UTIL"",device=""nvidia7"",gpu=""7"",instance=""mtv5-dgx1-hgpu-029:9400"",job=""dgx_dcgm_exporter"",modelName=""NVIDIA H100 80GB HBM3"""
"2025-07-18T20:42:34Z","DCGM_FI_DEV_GPU_UTIL","0","nvidia0","GPU-27a3387f-10c3-050a-2056-0dcad307d9af","NVIDIA H100 80GB HBM3","mtv5-dgx1-hgpu-021","","","","100","DCGM_FI_DRIVER_VERSION=""535.129.03"",Hostname=""mtv5-dgx1-hgpu-021"",UUID=""GPU-27a3387f-10c3-050a-2056-0dcad307d9af"",__name__=""DCGM_FI_DEV_GPU_UTIL"",device=""nvidia0"",gpu=""0"",instance=""mtv5-dgx1-hgpu-021:9400"",job=""dgx_dcgm_exporter"",modelName=""NVIDIA H100 80GB HBM3"""
"2025-07-18T20:42:34Z","DCGM_FI_DEV_GPU_UTIL","1","nvidia1","GPU-327548ac-2a72-b132-3a8a-9f55967452ba","NVIDIA H100 80GB HBM3","mtv5-dgx1-hgpu-021","","","","57","DCGM_FI_DRIVER_VERSION=""535.129.03"",Hostname=""mtv5-dgx1-hgpu-021"",UUID=""GPU-327548ac-2a72-b132-3a8a-9f55967452ba"",__name__=""DCGM_FI_DEV_GPU_UTIL"",device=""nvidia1"",gpu=""1"",instance=""mtv5-dgx1-hgpu-021:9400"",job=""dgx_dcgm_exporter"",modelName=""NVIDIA H100 80GB HBM3"""
"2025-07-18T20:42:34Z","DCGM_FI_DEV_GPU_UTIL","2","nvidia2","GPU-56f94748-8e7b-7f2c-211d-1c3ed0ffa93e","NVIDIA H100 80GB HBM3","mtv5-dgx1-hgpu-021","","","","0","DCGM_FI_DRIVER_VERSION=""535.129.03"",Hostname=""mtv5-dgx1-hgpu-021"",UUID=""GPU-56f94748-8e7b-7f2c-211d-1c3ed0ffa93e"",__name__=""DCGM_FI_DEV_GPU_UTIL"",device=""nvidia2"",gpu=""2"",instance=""mtv5-dgx1-hgpu-021:9400"",job=""dgx_dcgm_exporter"",modelName=""NVIDIA H100 80GB HBM3"""
"2025-07-18T20:42:34Z","DCGM_FI_DEV_GPU_UTIL","3","nvidia3","GPU-afa77148-fa12-d3a8-dba3-0d90288d9ffc","NVIDIA H100 80GB HBM3","mtv5-dgx1-hgpu-021","","","","0","DCGM_FI_DRIVER_VERSION=""535.129.03"",Hostname=""mtv5-dgx1-hgpu-021"",UUID=""GPU-afa77148-fa12-d3a8-dba3-0d90288d9ffc"",__name__=""DCGM_FI_DEV_GPU_UTIL"",device=""nvidia3"",gpu=""3"",instance=""mtv5-dgx1-hgpu-021:9400"",job=""dgx_dcgm_exporter"",modelName=""NVIDIA H100 80GB HBM3"""
"2025-07-18T20:42:34Z","DCGM_FI_DEV_GPU_UTIL","4","nvidia4","GPU-e02514f6-0438-c29f-076c-e833e00fbb41","NVIDIA H100 80GB HBM3","mtv5-dgx1-hgpu-021","","","","0","DCGM_FI_DRIVER_VERSION=""535.129.03"",Hostname=""mtv5-dgx1-hgpu-021"",UUID=""GPU-e02514f6-0438-c29f-076c-e833e00fbb41"",__name__=""DCGM_FI_DEV_GPU_UTIL"",device=""nvidia4"",gpu=""4"",instance=""mtv5-dgx1-hgpu-021:9400"",job=""dgx_dcgm_exporter"",modelName=""NVIDIA H100 80GB HBM3"""
"2025-07-18T20:42:34Z","DCGM_FI_DEV_GPU_UTIL","5","nvidia5","GPU-b9cb94c8-65c9-29de-2133-6fad771989c6","NVIDIA H100 80GB HBM3","mtv5-dgx1-hgpu-021","","","","0","DCGM_FI_DRIVER_VERSION=""535.129.03"",Hostname=""mtv5-dgx1-hgpu-021"",UUID=""GPU-b9cb94c8-65c9-29de-2133-6fad771989c6"",__name__=""DCGM_FI_DEV_GPU_UTIL"",device=""nvidia5"",gpu=""5"",instance=""mtv5-dgx1-hgpu-021:9400"",job=""dgx_dcgm_exporter"",modelName=""NVIDIA H100 80GB HBM3"""
"2025-07-18T20:42:34Z","DCGM_FI_DEV_GPU_UTIL","6","nvidia6","GPU-1ef161c3-3abd-4a7d-1264-39a22dc3e875","NVIDIA H100 80GB HBM3","mtv5-dgx1-hgpu-021","","","","99","DCGM_FI_DRIVER_VERSION=""535.129.03"",Hostname=""mtv5-dgx1-hgpu-021"",UUID=""GPU-1ef161c3-3abd-4a7d-1264-39a22dc3e875"",__name__=""DCGM_FI_DEV_GPU_UTIL"",device=""nvidia6"",gpu=""6"",instance=""mtv5-dgx1-hgpu-021:9400"",job=""dgx_dcgm_exporter"",modelName=""NVIDIA H100 80GB HBM3"""
"2025-07-18T20:42:34Z","DCGM_FI_DEV_GPU_UTIL","7","nvidia7","GPU-bc2816f4-d342-a543-9cda-6dba3070446e","NVIDIA H100 80GB HBM3","mtv5-dgx1-hgpu-021","","","","100","DCGM_FI_DRIVER_VERSION=""535.129.03"",Hostname=""mtv5-dgx1-hgpu-021"",UUID=""GPU-bc2816f4-d342-a543-9cda-6dba3070446e"",__name__=""DCGM_FI_DEV_GPU_UTIL"",device=""nvidia7"",gpu=""7"",instance=""mtv5-dgx1-hgpu-021:9400"",job=""dgx_dcgm_exporter"",modelName=""NVIDIA H100 80GB HBM3"""
"2025-07-18T20:42:34Z","DCGM_FI_DEV_GPU_UTIL","0","nvidia0","GPU-6df50e4d-8e19-4cca-9024-1fe20da34515","NVIDIA H100 80GB HBM3","mtv5-dgx1-hgpu-027","","","","0","DCGM_FI_DRIVER_VERSION=""535.129.03"",Hostname=""mtv5-dgx1-hgpu-027"",UUID=""GPU-6df50e4d-8e19-4cca-9024-1fe20da34515"",__name__=""DCGM_FI_DEV_GPU_UTIL"",device=""nvidia0"",gpu=""0"",instance=""mtv5-dgx1-hgpu-027:9400"",job=""dgx_dcgm_exporter"",modelName=""NVIDIA H100 80GB HBM3"""
"2025-07-18T20:42:34Z","DCGM_FI_DEV_GPU_UTIL","1","nvidia1","GPU-6b692f0d-88af-5d47-429f-50cccbe7ed29","NVIDIA H100 80GB HBM3","mtv5-dgx1-hgpu-027","","","","0","DCGM_FI_DRIVER_VERSION=""535.129.03"",Hostname=""mtv5-dgx1-hgpu-027"",UUID=""GPU-6b692f0d-88af-5d47-429f-50cccbe7ed29"",__name__=""DCGM_FI_DEV_GPU_UTIL"",device=""nvidia1"",gpu=""1"",instance=""mtv5-dgx1-hgpu-027:9400"",job=""dgx_dcgm_exporter"",modelName=""NVIDIA H100 80GB HBM3"""
"2025-07-18T20:42:34Z","DCGM_FI_DEV_GPU_UTIL","2","nvidia2","GPU-a66c51a3-099b-a0de-48f9-1b5763d29a36","NVIDIA H100 80GB HBM3","mtv5-dgx1-hgpu-027","","","","0","DCGM_FI_DRIVER_VERSION=""535.129.03"",Hostname=""mtv5-dgx1-hgpu-027"",UUID=""GPU-a66c51a3-099b-a0de-48f9-1b5763d29a36"",__name__=""DCGM_FI_DEV_GPU_UTIL"",device=""nvidia2"",gpu=""2"",instance=""mtv5-dgx1-hgpu-027:9400"",job=""dgx_dcgm_exporter"",modelName=""NVIDIA H100 80GB HBM3"""
"2025-07-18T20:42:34Z","DCGM_FI_DEV_GPU_UTIL","3","nvidia3","GPU-5a43d457-1802-6240-cf21-d2caa1b5d70c","NVIDIA H100 80GB HBM3","mtv5-dgx1-hgpu-027","","","","0","DCGM_FI_DRIVER_VERSION=""535.129.03"",Hostname=""mtv5-dgx1-hgpu-027"",UUID=""GPU-5a43d457-1802-6240-cf21-d2caa1b5d70c"",__name__=""DCGM_FI_DEV_GPU_UTIL"",device=""nvidia3"",gpu=""3"",instance=""mtv5-dgx1-hgpu-027:9400"",job=""dgx_dcgm_exporter"",modelName=""NVIDIA H100 80GB HBM3"""
"2025-07-18T20:42:34Z","DCGM_FI_DEV_GPU_UTIL","4","nvidia4","GPU-0e8a6d95-a6b9-c4ad-ceb1-e537d0bfbaca","NVIDIA H100 80GB HBM3","mtv5-dgx1-hgpu-027","","","","0","DCGM_FI_DRIVER_VERSION=""535.129.03"",Hostname=""mtv5-dgx1-hgpu-027"",UUID=""GPU-0e8a6d95-a6b9-c4ad-ceb1-e537d0bfbaca"",__name__=""DCGM_FI_DEV_GPU_UTIL"",device=""nvidia4"",gpu=""4"",instance=""mtv5-dgx1-hgpu-027:9400"",job=""dgx_dcgm_exporter"",modelName=""NVIDIA H100 80GB HBM3"""
"2025-07-18T20:42:34Z","DCGM_FI_DEV_GPU_UTIL","5","nvidia5","GPU-6ce39712-2c9c-fae5-3de8-03765d0c3b42","NVIDIA H100 80GB HBM3","mtv5-dgx1-hgpu-027","","","","0","DCGM_FI_DRIVER_VERSION=""535.129.03"",Hostname=""mtv5-dgx1-hgpu-027"",UUID=""GPU-6ce39712-2c9c-fae5-3de8-03765d0c3b42"",__name__=""DCGM_FI_DEV_GPU_UTIL"",device=""nvidia5"",gpu=""5"",instance=""mtv5-dgx1-hgpu-027:9400"",job=""dgx_dcgm_exporter"",modelName=""NVIDIA H100 80GB HBM3"""
"2025-07-18T20:42:34Z","DCGM_FI_DEV_GPU_UTIL","6","nvidia6","GPU-bc45e74a-9ef2-0a83-5e5b-5a8b260b025f","NVIDIA H100 80GB HBM3","mtv5-dgx1-hgpu-027","","","","0","DCGM_FI_DRIVER_VERSION=""535.129.03"",Hostname=""mtv5-dgx1-hgpu-027"",UUID=""GPU-bc45e74a-9ef2-0a83-5e5b-5a8b260b025f"",__name__=""DCGM_FI_DEV_GPU_UTIL"",device=""nvidia6"",gpu=""6"",instance=""mtv5-dgx1-hgpu-027:9400"",job=""dgx_dcgm_exporter"",modelName=""NVIDIA H100 80GB HBM3"""
"2025-07-18T20:42:34Z","DCGM_FI_DEV_GPU_UTIL","7","nvidia7","GPU-dba0c28c-f80c-f3ca-5039-9a739f177e1b","NVIDIA H100 80GB HBM3","mtv5-dgx1-hgpu-027","","","","0","DCGM_FI_DRIVER_VERSION=""535.129.03"",Hostname=""mtv5-dgx1-hgpu-027"",UUID=""GPU-dba0c28c-f80c-f3ca-5039-9a739f177e1b"",__name__=""DCGM_FI_DEV_GPU_UTIL"",device=""nvidia7"",gpu=""7"",instance=""mtv5-dgx1-hgpu-027:9400"",job=""dgx_dcgm_exporter"",modelName=""NVIDIA H100 80GB HBM3"""
"2025-07-18T20:42:34Z","DCGM_FI_DEV_GPU_UTIL","0","nvidia0","GPU-c273dfbc-507c-2a00-ccee-193fc34a3a65","NVIDIA H100 80GB HBM3","mtv5-dgx1-hgpu-014","","","","98","DCGM_FI_DRIVER_VERSION=""535.129.03"",Hostname=""mtv5-dgx1-hgpu-014"",UUID=""GPU-c273dfbc-507c-2a00-ccee-193fc34a3a65"",__name__=""DCGM_FI_DEV_GPU_UTIL"",device=""nvidia0"",gpu=""0"",instance=""mtv5-dgx1-hgpu-014:9400"",job=""dgx_dcgm_exporter"",modelName=""NVIDIA H100 80GB HBM3"""
"2025-07-18T20:42:34Z","DCGM_FI_DEV_GPU_UTIL","1","nvidia1","GPU-b7744c23-625e-08ab-3b3c-3512520ae8bb","NVIDIA H100 80GB HBM3","mtv5-dgx1-hgpu-014","","","","91","DCGM_FI_DRIVER_VERSION=""535.129.03"",Hostname=""mtv5-dgx1-hgpu-014"",UUID=""GPU-b7744c23-625e-08ab-3b3c-3512520ae8bb"",__name__=""DCGM_FI_DEV_GPU_UTIL"",device=""nvidia1"",gpu=""1"",instance=""mtv5-dgx1-hgpu-014:9400"",job=""dgx_dcgm_exporter"",modelName=""NVIDIA H100 80GB HBM3"""
"2025-07-18T20:42:34Z","DCGM_FI_DEV_GPU_UTIL","2","nvidia2","GPU-320a3dcc-26dc-7f35-ab01-61906ced5924","NVIDIA H100 80GB HBM3","mtv5-dgx1-hgpu-014","","","","99","DCGM_FI_DRIVER_VERSION=""535.129.03"",Hostname=""mtv5-dgx1-hgpu-014"",UUID=""GPU-320a3dcc-26dc-7f35-ab01-61906ced5924"",__name__=""DCGM_FI_DEV_GPU_UTIL"",device=""nvidia2"",gpu=""2"",instance=""mtv5-dgx1-hgpu-014:9400"",job=""dgx_dcgm_exporter"",modelName=""NVIDIA H100 80GB HBM3"""
"2025-07-18T20:42:34Z","DCGM_FI_DEV_GPU_UTIL","3","nvidia3","GPU-1d92980a-a436-6c11-ddfd-bee3677e92aa","NVIDIA H100 80GB HBM3","mtv5-dgx1-hgpu-014","","","","99","DCGM_FI_DRIVER_VERSION=""535.129.03"",Hostname=""mtv5-dgx1-hgpu-014"",UUID=""GPU-1d92980a-a436-6c11-ddfd-bee3677e92aa"",__name__=""DCGM_FI_DEV_GPU_UTIL"",device=""nvidia3"",gpu=""3"",instance=""mtv5-dgx1-hgpu-014:9400"",job=""dgx_dcgm_exporter"",modelName=""NVIDIA H100 80GB HBM3"""
"2025-07-18T20:42:34Z","DCGM_FI_DEV_GPU_UTIL","4","nvidia4","GPU-7f200c9b-6e54-e524-1e97-1086768a3396","NVIDIA H100 80GB HBM3","mtv5-dgx1-hgpu-014","","","","90","DCGM_FI_DRIVER_VERSION=""535.129.03"",Hostname=""mtv5-dgx1-hgpu-014"",UUID=""GPU-7f200c9b-6e54-e524-1e97-1086768a3396"",__name__=""DCGM_FI_DEV_GPU_UTIL"",device=""nvidia4"",gpu=""4"",instance=""mtv5-dgx1-hgpu-014:9400"",job=""dgx_dcgm_exporter"",modelName=""NVIDIA H100 80GB HBM3"""
"2025-07-18T20:42:34Z","DCGM_FI_DEV_GPU_UTIL","5","nvidia5","GPU-49b63fc9-bb31-57ec-f036-deaa68a2dd76","NVIDIA H100 80GB HBM3","mtv5-dgx1-hgpu-014","","","","90","DCGM_FI_DRIVER_VERSION=""535.129.03"",Hostname=""mtv5-dgx1-hgpu-014"",UUID=""GPU-49b63fc9-bb31-57ec-f036-deaa68a2dd76"",__name__=""DCGM_FI_DEV_GPU_UTIL"",device=""nvidia5"",gpu=""5"",instance=""mtv5-dgx1-hgpu-014:9400"",job=""dgx_dcgm_exporter"",modelName=""NVIDIA H100 80GB HBM3"""
"2025-07-18T20:42:34Z","DCGM_FI_DEV_GPU_UTIL","6","nvidia6","GPU-22bb7fd2-55a3-bd2e-d3bd-7dfde24d9733","NVIDIA H100 80GB HBM3","mtv5-dgx1-hgpu-014","","","","99","DCGM_FI_DRIVER_VERSION=""535.129.03"",Hostname=""mtv5-dgx1-hgpu-014"",UUID=""GPU-22bb7fd2-55a3-bd2e-d3bd-7dfde24d9733"",__name__=""DCGM_FI_DEV_GPU_UTIL"",device=""nvidia6"",gpu=""6"",instance=""mtv5-dgx1-hgpu-014:9400"",job=""dgx_dcgm_exporter"",modelName=""NVIDIA H100 80GB HBM3"""
"2025-07-18T20:42:34Z","DCGM_FI_DEV_GPU_UTIL","7","nvidia7","GPU-2e0a8a2c-322b-197d-efe2-271e4007cf49","NVIDIA H100 80GB HBM3","mtv5-dgx1-hgpu-014","","","","100","DCGM_FI_DRIVER_VERSION=""535.129.03"",Hostname=""mtv5-dgx1-hgpu-014"",UUID=""GPU-2e0a8a2c-322b-197d-efe2-271e4007cf49"",__name__=""DCGM_FI_DEV_GPU_UTIL"",device=""nvidia7"",gpu=""7"",instance=""mtv5-dgx1-hgpu-014:9400"",job=""dgx_dcgm_exporter"",modelName=""NVIDIA H100 80GB HBM3"""
"2025-07-18T20:42:34Z","DCGM_FI_DEV_GPU_UTIL","0","nvidia0","GPU-f424b9ed-0bbd-3c5a-7ea9-9fd24f7732c9","NVIDIA H100 80GB HBM3","mtv5-dgx1-hgpu-012","","","","0","DCGM_FI_DRIVER_VERSION=""535.129.03"",Hostname=""mtv5-dgx1-hgpu-012"",UUID=""GPU-f424b9ed-0bbd-3c5a-7ea9-9fd24f7732c9"",__name__=""DCGM_FI_DEV_GPU_UTIL"",device=""nvidia0"",gpu=""0"",instance=""mtv5-dgx1-hgpu-012:9400"",job=""dgx_dcgm_exporter"",modelName=""NVIDIA H100 80GB HBM3"""
"2025-07-18T20:42:34Z","DCGM_FI_DEV_GPU_UTIL","1","nvidia1","GPU-df01de1a-70f9-6dcc-ea82-4cc2055ea28c","NVIDIA H100 80GB HBM3","mtv5-dgx1-hgpu-012","","","","0","DCGM_FI_DRIVER_VERSION=""535.129.03"",Hostname=""mtv5-dgx1-hgpu-012"",UUID=""GPU-df01de1a-70f9-6dcc-ea82-4cc2055ea28c"",__name__=""DCGM_FI_DEV_GPU_UTIL"",device=""nvidia1"",gpu=""1"",instance=""mtv5-dgx1-hgpu-012:9400"",job=""dgx_dcgm_exporter"",modelName=""NVIDIA H100 80GB HBM3"""
"2025-07-18T20:42:34Z","DCGM_FI_DEV_GPU_UTIL","2","nvidia2","GPU-18a5f197-b849-83f0-660b-ed6c1ca20e09","NVIDIA H100 80GB HBM3","mtv5-dgx1-hgpu-012","","","","0","DCGM_FI_DRIVER_VERSION=""535.129.03"",Hostname=""mtv5-dgx1-hgpu-012"",UUID=""GPU-18a5f197-b849-83f0-660b-ed6c1ca20e09"",__name__=""DCGM_FI_DEV_GPU_UTIL"",device=""nvidia2"",gpu=""2"",instance=""mtv5-dgx1-hgpu-012:9400"",job=""dgx_dcgm_exporter"",modelName=""NVIDIA H100 80GB HBM3"""
"2025-07-18T20:42:34Z","DCGM_FI_DEV_GPU_UTIL","3","nvidia3","GPU-81830087-8f2f-8141-93bc-e5920063ae37","NVIDIA H100 80GB HBM3","mtv5-dgx1-hgpu-012","","","","0","DCGM_FI_DRIVER_VERSION=""535.129.03"",Hostname=""mtv5-dgx1-hgpu-012"",UUID=""GPU-81830087-8f2f-8141-93bc-e5920063ae37"",__name__=""DCGM_FI_DEV_GPU_UTIL"",device=""nvidia3"",gpu=""3"",instance=""mtv5-dgx1-hgpu-012:9400"",job=""dgx_dcgm_exporter"",modelName=""NVIDIA H100 80GB HBM3"""
"2025-07-18T20:42:34Z","DCGM_FI_DEV_GPU_UTIL","4","nvidia4","GPU-4fb95368-dfd5-3e7f-dfa6-c28793259369","NVIDIA H100 80GB HBM3","mtv5-dgx1-hgpu-012","","","","0","DCGM_FI_DRIVER_VERSION=""535.129.03"",Hostname=""mtv5-dgx1-hgpu-012"",UUID=""GPU-4fb95368-dfd5-3e7f-dfa6-c28793259369"",__name__=""DCGM_FI_DEV_GPU_UTIL"",device=""nvidia4"",gpu=""4"",instance=""mtv5-dgx1-hgpu-012:9400"",job=""dgx_dcgm_exporter"",modelName=""NVIDIA H100 80GB HBM3"""
"2025-07-18T20:42:34Z","DCGM_FI_DEV_GPU_UTIL","5","nvidia5","GPU-c486d589-b447-d414-9368-b49c0f6a507d","NVIDIA H100 80GB HBM3","mtv5-dgx1-hgpu-012","","","","0","DCGM_FI_DRIVER_VERSION=""535.129.03"",Hostname=""mtv5-dgx1-hgpu-012"",UUID=""GPU-c486d589-b447-d414-9368-b49c0f6a507d"",__name__=""DCGM_FI_DEV_GPU_UTIL"",device=""nvidia5"",gpu=""5"",instance=""mtv5-dgx1-hgpu-012:9400"",job=""dgx_dcgm_exporter"",modelName=""NVIDIA H100 80GB HBM3"""
"2025-07-18T20:42:34Z","DCGM_FI_DEV_GPU_UTIL","7","nvidia7","GPU-87ec1fdb-b143-9360-f2f4-58b989b4905a","NVIDIA H100 80GB HBM3","mtv5-dgx1-hgpu-012","","","","0","DCGM_FI_DRIVER_VERSION=""535.129.03"",Hostname=""mtv5-dgx1-hgpu-012"",UUID=""GPU-87ec1fdb-b143-9360-f2f4-58b989b4905a"",__name__=""DCGM_FI_DEV_GPU_UTIL"",device=""nvidia7"",gpu=""7"",instance=""mtv5-dgx1-hgpu-012:9400"",job=""dgx_dcgm_exporter"",modelName=""NVIDIA H100 80GB HBM3"""
"2025-07-18T20:42:34Z","DCGM_FI_DEV_GPU_UTIL","4","nvidia4","GPU-bc8358e6-57d5-299e-04c5-69d27fed005e","NVIDIA H100 80GB HBM3","mtv5-dgx1-hgpu-006","","","","100","DCGM_FI_DRIVER_VERSION=""535.129.03"",Hostname=""mtv5-dgx1-hgpu-006"",UUID=""GPU-bc8358e6-57d5-299e-04c5-69d27fed005e"",__name__=""DCGM_FI_DEV_GPU_UTIL"",device=""nvidia4"",gpu=""4"",instance=""mtv5-dgx1-hgpu-006:9400"",job=""dgx_dcgm_exporter"",modelName=""NVIDIA H100 80GB HBM3"""
"2025-07-18T20:42:34Z","DCGM_FI_DEV_GPU_UTIL","0","nvidia0","GPU-cad82111-b1a5-bfbf-acee-56ab8175f5cb","NVIDIA H100 80GB HBM3","mtv5-dgx1-hgpu-007","","","","0","DCGM_FI_DRIVER_VERSION=""535.129.03"",Hostname=""mtv5-dgx1-hgpu-007"",UUID=""GPU-cad82111-b1a5-bfbf-acee-56ab8175f5cb"",__name__=""DCGM_FI_DEV_GPU_UTIL"",device=""nvidia0"",gpu=""0"",instance=""mtv5-dgx1-hgpu-007:9400"",job=""dgx_dcgm_exporter"",modelName=""NVIDIA H100 80GB HBM3"""
"2025-07-18T20:42:34Z","DCGM_FI_DEV_GPU_UTIL","1","nvidia1","GPU-3368de69-0199-a888-1b5c-db47fa48b2bb","NVIDIA H100 80GB HBM3","mtv5-dgx1-hgpu-007","","","","0","DCGM_FI_DRIVER_VERSION=""535.129.03"",Hostname=""mtv5-dgx1-hgpu-007"",UUID=""GPU-3368de69-0199-a888-1b5c-db47fa48b2bb"",__name__=""DCGM_FI_DEV_GPU_UTIL"",device=""nvidia1"",gpu=""1"",instance=""mtv5-dgx1-hgpu-007:9400"",job=""dgx_dcgm_exporter"",modelName=""NVIDIA H100 80GB HBM3"""
"2025-07-18T20:42:34Z","DCGM_FI_DEV_GPU_UTIL","2","nvidia2","GPU-1ba69a23-eaec-f164-ece8-f3fbb515e262","NVIDIA H100 80GB HBM3","mtv5-dgx1-hgpu-007","","","","0","DCGM_FI_DRIVER_VERSION=""535.129.03"",Hostname=""mtv5-dgx1-hgpu-007"",UUID=""GPU-1ba69a23-eaec-f164-ece8-f3fbb515e262"",__name__=""DCGM_FI_DEV_GPU_UTIL"",device=""nvidia2"",gpu=""2"",instance=""mtv5-dgx1-hgpu-007:9400"",job=""dgx_dcgm_exporter"",modelName=""NVIDIA H100 80GB HBM3"""
"2025-07-18T20:42:34Z","DCGM_FI_DEV_GPU_UTIL","3","nvidia3","GPU-66dfb148-c443-32ec-9fe2-cf4fd1d603ad","NVIDIA H100 80GB HBM3","mtv5-dgx1-hgpu-007","","","","0","DCGM_FI_DRIVER_VERSION=""535.129.03"",Hostname=""mtv5-dgx1-hgpu-007"",UUID=""GPU-66dfb148-c443-32ec-9fe2-cf4fd1d603ad"",__name__=""DCGM_FI_DEV_GPU_UTIL"",device=""nvidia3"",gpu=""3"",instance=""mtv5-dgx1-hgpu-007:9400"",job=""dgx_dcgm_exporter"",modelName=""NVIDIA H100 80GB HBM3"""
"2025-07-18T20:42:34Z","DCGM_FI_DEV_GPU_UTIL","4","nvidia4","GPU-cbafc26c-3e78-a403-5eb9-5560cb7216a7","NVIDIA H100 80GB HBM3","mtv5-dgx1-hgpu-007","","","","0","DCGM_FI_DRIVER_VERSION=""535.129.03"",Hostname=""mtv5-dgx1-hgpu-007"",UUID=""GPU-cbafc26c-3e78-a403-5eb9-5560cb7216a7"",__name__=""DCGM_FI_DEV_GPU_UTIL"",device=""nvidia4"",gpu=""4"",instance=""mtv5-dgx1-hgpu-007:9400"",job=""dgx_dcgm_exporter"",modelName=""NVIDIA H100 80GB HBM3"""
"2025-07-18T20:42:34Z","DCGM_FI_DEV_GPU_UTIL","5","nvidia5","GPU-e2ed712a-c4a9-4a8c-d673-67ed71112932","NVIDIA H100 80GB HBM3","mtv5-dgx1-hgpu-007","","","","0","DCGM_FI_DRIVER_VERSION=""535.129.03"",Hostname=""mtv5-dgx1-hgpu-007"",UUID=""GPU-e2ed712a-c4a9-4a8c-d673-67ed71112932"",__name__=""DCGM_FI_DEV_GPU_UTIL"",device=""nvidia5"",gpu=""5"",instance=""mtv5-dgx1-hgpu-007:9400"",job=""dgx_dcgm_exporter"",modelName=""NVIDIA H100 80GB HBM3"""
"2025-07-18T20:42:34Z","DCGM_FI_DEV_GPU_UTIL","6","nvidia6","GPU-c8d59b48-bef9-1adc-d353-bf6d5c25ebb6","NVIDIA H100 80GB HBM3","mtv5-dgx1-hgpu-007","","","","0","DCGM_FI_DRIVER_VERSION=""535.129.03"",Hostname=""mtv5-dgx1-hgpu-007"",UUID=""GPU-c8d59b48-bef9-1adc-d353-bf6d5c25ebb6"",__name__=""DCGM_FI_DEV_GPU_UTIL"",device=""nvidia6"",gpu=""6"",instance=""mtv5-dgx1-hgpu-007:9400"",job=""dgx_dcgm_exporter"",modelName=""NVIDIA H100 80GB HBM3"""
"2025-07-18T20:42:34Z","DCGM_FI_DEV_GPU_UTIL","7","nvidia7","GPU-f89739d4-a948-bd2a-0ae5-a6e5d38cd5b7","NVIDIA H100 80GB HBM3","mtv5-dgx1-hgpu-007","","","","0","DCGM_FI_DRIVER_VERSION=""535.129.03"",Hostname=""mtv5-dgx1-hgpu-007"",UUID=""GPU-f89739d4-a948-bd2a-0ae5-a6e5d38cd5b7"",__name__=""DCGM_FI_DEV_GPU_UTIL"",device=""nvidia7"",gpu=""7"",instance=""mtv5-dgx1-hgpu-007:9400"",job=""dgx_dcgm_exporter"",modelName=""NVIDIA H100 80GB HBM3"""
"2025-07-18T20:42:34Z","DCGM_FI_DEV_GPU_UTIL","7","nvidia7","GPU-d88e423f-b04f-b849-172b-66ba82e9c51c","NVIDIA H100 80GB HBM3","mtv5-dgx1-hgpu-013","","","","98","DCGM_FI_DRIVER_VERSION=""535.129.03"",Hostname=""mtv5-dgx1-hgpu-013"",UUID=""GPU-d88e423f-b04f-b849-172b-66ba82e9c51c"",__name__=""DCGM_FI_DEV_GPU_UTIL"",device=""nvidia7"",gpu=""7"",instance=""mtv5-dgx1-hgpu-013:9400"",job=""dgx_dcgm_exporter"",modelName=""NVIDIA H100 80GB HBM3"""
"2025-07-18T20:42:34Z","DCGM_FI_DEV_GPU_UTIL","4","nvidia4","GPU-c59cda6d-b4ba-7135-fbc0-ad50464a0ba9","NVIDIA H100 80GB HBM3","mtv5-dgx1-hgpu-019","","","","98","DCGM_FI_DRIVER_VERSION=""535.129.03"",Hostname=""mtv5-dgx1-hgpu-019"",UUID=""GPU-c59cda6d-b4ba-7135-fbc0-ad50464a0ba9"",__name__=""DCGM_FI_DEV_GPU_UTIL"",device=""nvidia4"",gpu=""4"",instance=""mtv5-dgx1-hgpu-019:9400"",job=""dgx_dcgm_exporter"",modelName=""NVIDIA H100 80GB HBM3"""
"2025-07-18T20:42:34Z","DCGM_FI_DEV_GPU_UTIL","4","nvidia4","GPU-80230e0e-eae8-50a8-0184-15bce7a0b5cf","NVIDIA H100 80GB HBM3","mtv5-dgx1-hgpu-022","","","","0","DCGM_FI_DRIVER_VERSION=""535.129.03"",Hostname=""mtv5-dgx1-hgpu-022"",UUID=""GPU-80230e0e-eae8-50a8-0184-15bce7a0b5cf"",__name__=""DCGM_FI_DEV_GPU_UTIL"",device=""nvidia4"",gpu=""4"",instance=""mtv5-dgx1-hgpu-022:9400"",job=""dgx_dcgm_exporter"",modelName=""NVIDIA H100 80GB HBM3"""
"2025-07-18T20:42:34Z","DCGM_FI_DEV_GPU_UTIL","0","nvidia0","GPU-2124712b-2901-fef5-9bfc-af42cbecec26","NVIDIA H100 80GB HBM3","mtv5-dgx1-hgpu-026","","","","46","DCGM_FI_DRIVER_VERSION=""535.129.03"",Hostname=""mtv5-dgx1-hgpu-026"",UUID=""GPU-2124712b-2901-fef5-9bfc-af42cbecec26"",__name__=""DCGM_FI_DEV_GPU_UTIL"",device=""nvidia0"",gpu=""0"",instance=""mtv5-dgx1-hgpu-026:9400"",job=""dgx_dcgm_exporter"",modelName=""NVIDIA H100 80GB HBM3"""
"2025-07-18T20:42:34Z","DCGM_FI_DEV_GPU_UTIL","1","nvidia1","GPU-af646984-507e-ec12-b175-ee61cc083c03","NVIDIA H100 80GB HBM3","mtv5-dgx1-hgpu-026","","","","52","DCGM_FI_DRIVER_VERSION=""535.129.03"",Hostname=""mtv5-dgx1-hgpu-026"",UUID=""GPU-af646984-507e-ec12-b175-ee61cc083c03"",__name__=""DCGM_FI_DEV_GPU_UTIL"",device=""nvidia1"",gpu=""1"",instance=""mtv5-dgx1-hgpu-026:9400"",job=""dgx_dcgm_exporter"",modelName=""NVIDIA H100 80GB HBM3"""
"2025-07-18T20:42:34Z","DCGM_FI_DEV_GPU_UTIL","2","nvidia2","GPU-da3e2076-41a3-2711-42df-b11c08f4e83d","NVIDIA H100 80GB HBM3","mtv5-dgx1-hgpu-026","","","","67","DCGM_FI_DRIVER_VERSION=""535.129.03"",Hostname=""mtv5-dgx1-hgpu-026"",UUID=""GPU-da3e2076-41a3-2711-42df-b11c08f4e83d"",__name__=""DCGM_FI_DEV_GPU_UTIL"",device=""nvidia2"",gpu=""2"",instance=""mtv5-dgx1-hgpu-026:9400"",job=""dgx_dcgm_exporter"",modelName=""NVIDIA H100 80GB HBM3"""
"2025-07-18T20:42:34Z","DCGM_FI_DEV_GPU_UTIL","3","nvidia3","GPU-9446d45d-3fe6-ed6a-1982-0dd5fd8cde78","NVIDIA H100 80GB HBM3","mtv5-dgx1-hgpu-026","","","","87","DCGM_FI_DRIVER_VERSION=""535.129.03"",Hostname=""mtv5-dgx1-hgpu-026"",UUID=""GPU-9446d45d-3fe6-ed6a-1982-0dd5fd8cde78"",__name__=""DCGM_FI_DEV_GPU_UTIL"",device=""nvidia3"",gpu=""3"",instance=""mtv5-dgx1-hgpu-026:9400"",job=""dgx_dcgm_exporter"",modelName=""NVIDIA H100 80GB HBM3"""
"2025-07-18T20:42:34Z","DCGM_FI_DEV_GPU_UTIL","4","nvidia4","GPU-f359d5d9-db70-8bfb-d2bf-b64f8a542046","NVIDIA H100 80GB HBM3","mtv5-dgx1-hgpu-026","","","","0","DCGM_FI_DRIVER_VERSION=""535.129.03"",Hostname=""mtv5-dgx1-hgpu-026"",UUID=""GPU-f359d5d9-db70-8bfb-d2bf-b64f8a542046"",__name__=""DCGM_FI_DEV_GPU_UTIL"",device=""nvidia4"",gpu=""4"",instance=""mtv5-dgx1-hgpu-026:9400"",job=""dgx_dcgm_exporter"",modelName=""NVIDIA H100 80GB HBM3"""
"2025-07-18T20:42:34Z","DCGM_FI_DEV_GPU_UTIL","5","nvidia5","GPU-45f81940-1b57-6ed9-d985-b73fc6f23930","NVIDIA H100 80GB HBM3","mtv5-dgx1-hgpu-026","","","","0","DCGM_FI_DRIVER_VERSION=""535.129.03"",Hostname=""mtv5-dgx1-hgpu-026"",UUID=""GPU-45f81940-1b57-6ed9-d985-b73fc6f23930"",__name__=""DCGM_FI_DEV_GPU_UTIL"",device=""nvidia5"",gpu=""5"",instance=""mtv5-dgx1-hgpu-026:9400"",job=""dgx_dcgm_exporter"",modelName=""NVIDIA H100 80GB HBM3"""
"2025-07-18T20:42:34Z","DCGM_FI_DEV_GPU_UTIL","7","nvidia7","GPU-4174c237-35ff-d875-ed74-1fe636b9a407","NVIDIA H100 80GB HBM3","mtv5-dgx1-hgpu-026","","","","91","DCGM_FI_DRIVER_VERSION=""535.129.03"",Hostname=""mtv5-dgx1-hgpu-026"",UUID=""GPU-4174c237-35ff-d875-ed74-1fe636b9a407"",__name__=""DCGM_FI_DEV_GPU_UTIL"",device=""nvidia7"",gpu=""7"",instance=""mtv5-dgx1-hgpu-026:9400"",job=""dgx_dcgm_exporter"",modelName=""NVIDIA H100 80GB HBM3"""
"2025-07-18T20:42:34Z","DCGM_FI_DEV_GPU_UTIL","0","nvidia0","GPU-8d277337-45c3-d0c3-d239-7bf69bd89319","NVIDIA H100 80GB HBM3","mtv5-dgx1-hgpu-028","","","","92","DCGM_FI_DRIVER_VERSION=""535.129.03"",Hostname=""mtv5-dgx1-hgpu-028"",UUID=""GPU-8d277337-45c3-d0c3-d239-7bf69bd89319"",__name__=""DCGM_FI_DEV_GPU_UTIL"",device=""nvidia0"",gpu=""0"",instance=""mtv5-dgx1-hgpu-028:9400"",job=""dgx_dcgm_exporter"",modelName=""NVIDIA H100 80GB HBM3"""
"2025-07-18T20:42:34Z","DCGM_FI_DEV_GPU_UTIL","1","nvidia1","GPU-064cf759-aafe-8469-a8ee-ec27d3a21c3e","NVIDIA H100 80GB HBM3","mtv5-dgx1-hgpu-028","","","","88","DCGM_FI_DRIVER_VERSION=""535.129.03"",Hostname=""mtv5-dgx1-hgpu-028"",UUID=""GPU-064cf759-aafe-8469-a8ee-ec27d3a21c3e"",__name__=""DCGM_FI_DEV_GPU_UTIL"",device=""nvidia1"",gpu=""1"",instance=""mtv5-dgx1-hgpu-028:9400"",job=""dgx_dcgm_exporter"",modelName=""NVIDIA H100 80GB HBM3"""
"2025-07-18T20:42:34Z","DCGM_FI_DEV_GPU_UTIL","2","nvidia2","GPU-e661339f-275e-8a21-0536-b92ef4ca26c2","NVIDIA H100 80GB HBM3","mtv5-dgx1-hgpu-028","","","","91","DCGM_FI_DRIVER_VERSION=""535.129.03"",Hostname=""mtv5-dgx1-hgpu-028"",UUID=""GPU-e661339f-275e-8a21-0536-b92ef4ca26c2"",__name__=""DCGM_FI_DEV_GPU_UTIL"",device=""nvidia2"",gpu=""2"",instance=""mtv5-dgx1-hgpu-028:9400"",job=""dgx_dcgm_exporter"",modelName=""NVIDIA H100 80GB HBM3"""
"2025-07-18T20:42:34Z","DCGM_FI_DEV_GPU_UTIL","3","nvidia3","GPU-720ac404-259c-8bda-6f79-e4c39f34b5f1","NVIDIA H100 80GB HBM3","mtv5-dgx1-hgpu-028","","","","91","DCGM_FI_DRIVER_VERSION=""535.129.03"",Hostname=""mtv5-dgx1-hgpu-028"",UUID=""GPU-720ac404-259c-8bda-6f79-e4c39f34b5f1"",__name__=""DCGM_FI_DEV_GPU_UTIL"",device=""nvidia3"",gpu=""3"",instance=""mtv5-dgx1-hgpu-028:9400"",job=""dgx_dcgm_exporter"",modelName=""NVIDIA H100 80GB HBM3"""
"2025-07-18T20:42:34Z","DCGM_FI_DEV_GPU_UTIL","4","nvidia4","GPU-323c24b1-3fcc-1c77-7a73-051ef648bb0d","NVIDIA H100 80GB HBM3","mtv5-dgx1-hgpu-028","","","","91","DCGM_FI_DRIVER_VERSION=""535.129.03"",Hostname=""mtv5-dgx1-hgpu-028"",UUID=""GPU-323c24b1-3fcc-1c77-7a73-051ef648bb0d"",__name__=""DCGM_FI_DEV_GPU_UTIL"",device=""nvidia4"",gpu=""4"",instance=""mtv5-dgx1-hgpu-028:9400"",job=""dgx_dcgm_exporter"",modelName=""NVIDIA H100 80GB HBM3"""
"2025-07-18T20:42:34Z","DCGM_FI_DEV_GPU_UTIL","5","nvidia5","GPU-e81bd774-1094-79eb-93a8-ddaa81c8f66b","NVIDIA H100 80GB HBM3","mtv5-dgx1-hgpu-028","","","","91","DCGM_FI_DRIVER_VERSION=""535.129.03"",Hostname=""mtv5-dgx1-hgpu-028"",UUID=""GPU-e81bd774-1094-79eb-93a8-ddaa81c8f66b"",__name__=""DCGM_FI_DEV_GPU_UTIL"",device=""nvidia5"",gpu=""5"",instance=""mtv5-dgx1-hgpu-028:9400"",job=""dgx_dcgm_exporter"",modelName=""NVIDIA H100 80GB HBM3"""
"2025-07-18T20:42:34Z","DCGM_FI_DEV_GPU_UTIL","6","nvidia6","GPU-b97a8afc-3696-e0f9-cdb7-3e040a8a89a2","NVIDIA H100 80GB HBM3","mtv5-dgx1-hgpu-028","","","","91","DCGM_FI_DRIVER_VERSION=""535.129.03"",Hostname=""mtv5-dgx1-hgpu-028"",UUID=""GPU-b97a8afc-3696-e0f9-cdb7-3e040a8a89a2"",__name__=""DCGM_FI_DEV_GPU_UTIL"",device=""nvidia6"",gpu=""6"",instance=""mtv5-dgx1-hgpu-028:9400"",job=""dgx_dcgm_exporter"",modelName=""NVIDIA H100 80GB HBM3"""
"2025-07-18T20:42:34Z","DCGM_FI_DEV_GPU_UTIL","7","nvidia7","GPU-21c25fd8-9a75-9db2-fb39-b93b8a1f3a5c","NVIDIA H100 80GB HBM3","mtv5-dgx1-hgpu-028","","","","92","DCGM_FI_DRIVER_VERSION=""535.129.03"",Hostname=""mtv5-dgx1-hgpu-028"",UUID=""GPU-21c25fd8-9a75-9db2-fb39-b93b8a1f3a5c"",__name__=""DCGM_FI_DEV_GPU_UTIL"",device=""nvidia7"",gpu=""7"",instance=""mtv5-dgx1-hgpu-028:9400"",job=""dgx_dcgm_exporter"",modelName=""NVIDIA H100 80GB HBM3"""
"2025-07-18T20:42:34Z","DCGM_FI_DEV_GPU_UTIL","6","nvidia6","GPU-6babf988-9820-274a-1df1-585720ae19cf","NVIDIA H100 80GB HBM3","mtv5-dgx1-hgpu-026","","","","90","DCGM_FI_DRIVER_VERSION=""535.129.03"",Hostname=""mtv5-dgx1-hgpu-026"",UUID=""GPU-6babf988-9820-274a-1df1-585720ae19cf"",__name__=""DCGM_FI_DEV_GPU_UTIL"",device=""nvidia6"",gpu=""6"",instance=""mtv5-dgx1-hgpu-026:9400"",job=""dgx_dcgm_exporter"",modelName=""NVIDIA H100 80GB HBM3"""
"2025-07-18T20:42:34Z","DCGM_FI_DEV_MEM_COPY_UTIL","0","nvidia0","GPU-5fd4f087-86f3-7a43-b711-4771313afc50","NVIDIA H100 80GB HBM3","mtv5-dgx1-hgpu-031","","","","0","DCGM_FI_DRIVER_VERSION=""535.129.03"",Hostname=""mtv5-dgx1-hgpu-031"",UUID=""GPU-5fd4f087-86f3-7a43-b711-4771313afc50"",__name__=""DCGM_FI_DEV_MEM_COPY_UTIL"",device=""nvidia0"",gpu=""0"",instance=""mtv5-dgx1-hgpu-031:9400"",job=""dgx_dcgm_exporter"",modelName=""NVIDIA H100 80GB HBM3"""
"2025-07-18T20:42:34Z","DCGM_FI_DEV_MEM_COPY_UTIL","1","nvidia1","GPU-bc7a12ab-4998-fdc5-0785-2678a929a142","NVIDIA H100 80GB HBM3","mtv5-dgx1-hgpu-031","","","","0","DCGM_FI_DRIVER_VERSION=""535.129.03"",Hostname=""mtv5-dgx1-hgpu-031"",UUID=""GPU-bc7a12ab-4998-fdc5-0785-2678a929a142"",__name__=""DCGM_FI_DEV_MEM_COPY_UTIL"",device=""nvidia1"",gpu=""1"",instance=""mtv5-dgx1-hgpu-031:9400"",job=""dgx_dcgm_exporter"",modelName=""NVIDIA H100 80GB HBM3"""
"2025-07-18T20:42:34Z","DCGM_FI_DEV_MEM_COPY_UTIL","2","nvidia2","GPU-6c8915d7-f04d-beb9-3e8a-e06f97ca4480","NVIDIA H100 80GB HBM3","mtv5-dgx1-hgpu-031","","","","0","DCGM_FI_DRIVER_VERSION=""535.129.03"",Hostname=""mtv5-dgx1-hgpu-031"",UUID=""GPU-6c8915d7-f04d-beb9-3e8a-e06f97ca4480"",__name__=""DCGM_FI_DEV_MEM_COPY_UTIL"",device=""nvidia2"",gpu=""2"",instance=""mtv5-dgx1-hgpu-031:9400"",job=""dgx_dcgm_exporter"",modelName=""NVIDIA H100 80GB HBM3"""
"2025-07-18T20:42:34Z","DCGM_FI_DEV_MEM_COPY_UTIL","3","nvidia3","GPU-9ba418e1-59be-2f2e-6031-e3f6b7c64ad7","NVIDIA H100 80GB HBM3","mtv5-dgx1-hgpu-031","","","","0","DCGM_FI_DRIVER_VERSION=""535.129.03"",Hostname=""mtv5-dgx1-hgpu-031"",UUID=""GPU-9ba418e1-59be-2f2e-6031-e3f6b7c64ad7"",__name__=""DCGM_FI_DEV_MEM_COPY_UTIL"",device=""nvidia3"",gpu=""3"",instance=""mtv5-dgx1-hgpu-031:9400"",job=""dgx_dcgm_exporter"",modelName=""NVIDIA H100 80GB HBM3"""
"2025-07-18T20:42:34Z","DCGM_FI_DEV_MEM_COPY_UTIL","5","nvidia5","GPU-557ab48c-efdb-8390-2d6f-ac4248d9442c","NVIDIA H100 80GB HBM3","mtv5-dgx1-hgpu-031","","","","76","DCGM_FI_DRIVER_VERSION=""535.129.03"",Hostname=""mtv5-dgx1-hgpu-031"",UUID=""GPU-557ab48c-efdb-8390-2d6f-ac4248d9442c"",__name__=""DCGM_FI_DEV_MEM_COPY_UTIL"",device=""nvidia5"",gpu=""5"",instance=""mtv5-dgx1-hgpu-031:9400"",job=""dgx_dcgm_exporter"",modelName=""NVIDIA H100 80GB HBM3"""
"2025-07-18T20:42:34Z","DCGM_FI_DEV_MEM_COPY_UTIL","6","nvidia6","GPU-36d6a969-caf0-2674-26d9-1eb517893df7","NVIDIA H100 80GB HBM3","mtv5-dgx1-hgpu-031","","","","77","DCGM_FI_DRIVER_VERSION=""535.129.03"",Hostname=""mtv5-dgx1-hgpu-031"",UUID=""GPU-36d6a969-caf0-2674-26d9-1eb517893df7"",__name__=""DCGM_FI_DEV_MEM_COPY_UTIL"",device=""nvidia6"",gpu=""6"",instance=""mtv5-dgx1-hgpu-031:9400"",job=""dgx_dcgm_exporter"",modelName=""NVIDIA H100 80GB HBM3"""
"2025-07-18T20:42:34Z","DCGM_FI_DEV_MEM_COPY_UTIL","7","nvidia7","GPU-b5387370-388a-86d4-0fce-6dcb9230dbaa","NVIDIA H100 80GB HBM3","mtv5-dgx1-hgpu-031","","","","0","DCGM_FI_DRIVER_VERSION=""535.129.03"",Hostname=""mtv5-dgx1-hgpu-031"",UUID=""GPU-b5387370-388a-86d4-0fce-6dcb9230dbaa"",__name__=""DCGM_FI_DEV_MEM_COPY_UTIL"",device=""nvidia7"",gpu=""7"",instance=""mtv5-dgx1-hgpu-031:9400"",job=""dgx_dcgm_exporter"",modelName=""NVIDIA H100 80GB HBM3"""
"2025-07-18T20:42:34Z","DCGM_FI_DEV_MEM_COPY_UTIL","0","nvidia0","GPU-b4ad303b-8791-c856-5bb1-0a4339177bea","NVIDIA H100 80GB HBM3","mtv5-dgx1-hgpu-022","","","","0","DCGM_FI_DRIVER_VERSION=""535.129.03"",Hostname=""mtv5-dgx1-hgpu-022"",UUID=""GPU-b4ad303b-8791-c856-5bb1-0a4339177bea"",__name__=""DCGM_FI_DEV_MEM_COPY_UTIL"",device=""nvidia0"",gpu=""0"",instance=""mtv5-dgx1-hgpu-022:9400"",job=""dgx_dcgm_exporter"",modelName=""NVIDIA H100 80GB HBM3"""
"2025-07-18T20:42:34Z","DCGM_FI_DEV_MEM_COPY_UTIL","1","nvidia1","GPU-529a3da3-2af6-348e-b642-8646649af9a4","NVIDIA H100 80GB HBM3","mtv5-dgx1-hgpu-022","","","","0","DCGM_FI_DRIVER_VERSION=""535.129.03"",Hostname=""mtv5-dgx1-hgpu-022"",UUID=""GPU-529a3da3-2af6-348e-b642-8646649af9a4"",__name__=""DCGM_FI_DEV_MEM_COPY_UTIL"",device=""nvidia1"",gpu=""1"",instance=""mtv5-dgx1-hgpu-022:9400"",job=""dgx_dcgm_exporter"",modelName=""NVIDIA H100 80GB HBM3"""
"2025-07-18T20:42:34Z","DCGM_FI_DEV_MEM_COPY_UTIL","0","nvidia0","GPU-975edf99-5c0a-9db9-3732-0711e20e77e5","NVIDIA H100 80GB HBM3","mtv5-dgx1-hgpu-010","","","","0","DCGM_FI_DRIVER_VERSION=""535.129.03"",Hostname=""mtv5-dgx1-hgpu-010"",UUID=""GPU-975edf99-5c0a-9db9-3732-0711e20e77e5"",__name__=""DCGM_FI_DEV_MEM_COPY_UTIL"",device=""nvidia0"",gpu=""0"",instance=""mtv5-dgx1-hgpu-010:9400"",job=""dgx_dcgm_exporter"",modelName=""NVIDIA H100 80GB HBM3"""
"2025-07-18T20:42:34Z","DCGM_FI_DEV_MEM_COPY_UTIL","1","nvidia1","GPU-eecb123b-59eb-09af-bc37-d81d3fe76846","NVIDIA H100 80GB HBM3","mtv5-dgx1-hgpu-010","","","","0","DCGM_FI_DRIVER_VERSION=""535.129.03"",Hostname=""mtv5-dgx1-hgpu-010"",UUID=""GPU-eecb123b-59eb-09af-bc37-d81d3fe76846"",__name__=""DCGM_FI_DEV_MEM_COPY_UTIL"",device=""nvidia1"",gpu=""1"",instance=""mtv5-dgx1-hgpu-010:9400"",job=""dgx_dcgm_exporter"",modelName=""NVIDIA H100 80GB HBM3"""
"2025-07-18T20:42:34Z","DCGM_FI_DEV_MEM_COPY_UTIL","2","nvidia2","GPU-df2dc050-8c60-4663-3d88-4dc94831c845","NVIDIA H100 80GB HBM3","mtv5-dgx1-hgpu-010","","","","0","DCGM_FI_DRIVER_VERSION=""535.129.03"",Hostname=""mtv5-dgx1-hgpu-010"",UUID=""GPU-df2dc050-8c60-4663-3d88-4dc94831c845"",__name__=""DCGM_FI_DEV_MEM_COPY_UTIL"",device=""nvidia2"",gpu=""2"",instance=""mtv5-dgx1-hgpu-010:9400"",job=""dgx_dcgm_exporter"",modelName=""NVIDIA H100 80GB HBM3"""
"2025-07-18T20:42:34Z","DCGM_FI_DEV_MEM_COPY_UTIL","3","nvidia3","GPU-d8517d0d-e311-2786-701a-e271b395ccb5","NVIDIA H100 80GB HBM3","mtv5-dgx1-hgpu-010","","","","0","DCGM_FI_DRIVER_VERSION=""535.129.03"",Hostname=""mtv5-dgx1-hgpu-010"",UUID=""GPU-d8517d0d-e311-2786-701a-e271b395ccb5"",__name__=""DCGM_FI_DEV_MEM_COPY_UTIL"",device=""nvidia3"",gpu=""3"",instance=""mtv5-dgx1-hgpu-010:9400"",job=""dgx_dcgm_exporter"",modelName=""NVIDIA H100 80GB HBM3"""
"2025-07-18T20:42:34Z","DCGM_FI_DEV_MEM_COPY_UTIL","4","nvidia4","GPU-406203ae-00c0-c6ba-12da-b3e81dba64c4","NVIDIA H100 80GB HBM3","mtv5-dgx1-hgpu-010","","","","0","DCGM_FI_DRIVER_VERSION=""535.129.03"",Hostname=""mtv5-dgx1-hgpu-010"",UUID=""GPU-406203ae-00c0-c6ba-12da-b3e81dba64c4"",__name__=""DCGM_FI_DEV_MEM_COPY_UTIL"",device=""nvidia4"",gpu=""4"",instance=""mtv5-dgx1-hgpu-010:9400"",job=""dgx_dcgm_exporter"",modelName=""NVIDIA H100 80GB HBM3"""
"2025-07-18T20:42:34Z","DCGM_FI_DEV_MEM_COPY_UTIL","5","nvidia5","GPU-ea460478-f191-62b3-72bc-ca95b72b0462","NVIDIA H100 80GB HBM3","mtv5-dgx1-hgpu-010","","","","0","DCGM_FI_DRIVER_VERSION=""535.129.03"",Hostname=""mtv5-dgx1-hgpu-010"",UUID=""GPU-ea460478-f191-62b3-72bc-ca95b72b0462"",__name__=""DCGM_FI_DEV_MEM_COPY_UTIL"",device=""nvidia5"",gpu=""5"",instance=""mtv5-dgx1-hgpu-010:9400"",job=""dgx_dcgm_exporter"",modelName=""NVIDIA H100 80GB HBM3"""
"2025-07-18T20:42:34Z","DCGM_FI_DEV_MEM_COPY_UTIL","6","nvidia6","GPU-916da652-fe3a-c4b2-fb1f-d2a432794b48","NVIDIA H100 80GB HBM3","mtv5-dgx1-hgpu-010","","","","0","DCGM_FI_DRIVER_VERSION=""535.129.03"",Hostname=""mtv5-dgx1-hgpu-010"",UUID=""GPU-916da652-fe3a-c4b2-fb1f-d2a432794b48"",__name__=""DCGM_FI_DEV_MEM_COPY_UTIL"",device=""nvidia6"",gpu=""6"",instance=""mtv5-dgx1-hgpu-010:9400"",job=""dgx_dcgm_exporter"",modelName=""NVIDIA H100 80GB HBM3"""
"2025-07-18T20:42:34Z","DCGM_FI_DEV_MEM_COPY_UTIL","7","nvidia7","GPU-6a7243b5-ac3e-99d1-b68d-a2f3904e8e93","NVIDIA H100 80GB HBM3","mtv5-dgx1-hgpu-010","","","","0","DCGM_FI_DRIVER_VERSION=""535.129.03"",Hostname=""mtv5-dgx1-hgpu-010"",UUID=""GPU-6a7243b5-ac3e-99d1-b68d-a2f3904e8e93"",__name__=""DCGM_FI_DEV_MEM_COPY_UTIL"",device=""nvidia7"",gpu=""7"",instance=""mtv5-dgx1-hgpu-010:9400"",job=""dgx_dcgm_exporter"",modelName=""NVIDIA H100 80GB HBM3"""
"2025-07-18T20:42:34Z","DCGM_FI_DEV_MEM_COPY_UTIL","0","nvidia0","GPU-1670a3a8-75da-0ef7-e77e-4f5cbe23119f","NVIDIA H100 80GB HBM3","mtv5-dgx1-hgpu-013","","","","39","DCGM_FI_DRIVER_VERSION=""535.129.03"",Hostname=""mtv5-dgx1-hgpu-013"",UUID=""GPU-1670a3a8-75da-0ef7-e77e-4f5cbe23119f"",__name__=""DCGM_FI_DEV_MEM_COPY_UTIL"",device=""nvidia0"",gpu=""0"",instance=""mtv5-dgx1-hgpu-013:9400"",job=""dgx_dcgm_exporter"",modelName=""NVIDIA H100 80GB HBM3"""
"2025-07-18T20:42:34Z","DCGM_FI_DEV_MEM_COPY_UTIL","1","nvidia1","GPU-983201a0-f129-5d0f-8fa8-331524d491e7","NVIDIA H100 80GB HBM3","mtv5-dgx1-hgpu-013","","","","43","DCGM_FI_DRIVER_VERSION=""535.129.03"",Hostname=""mtv5-dgx1-hgpu-013"",UUID=""GPU-983201a0-f129-5d0f-8fa8-331524d491e7"",__name__=""DCGM_FI_DEV_MEM_COPY_UTIL"",device=""nvidia1"",gpu=""1"",instance=""mtv5-dgx1-hgpu-013:9400"",job=""dgx_dcgm_exporter"",modelName=""NVIDIA H100 80GB HBM3"""
"2025-07-18T20:42:34Z","DCGM_FI_DEV_MEM_COPY_UTIL","2","nvidia2","GPU-7d13290a-d142-6efc-4902-a186efdfe32f","NVIDIA H100 80GB HBM3","mtv5-dgx1-hgpu-013","","","","27","DCGM_FI_DRIVER_VERSION=""535.129.03"",Hostname=""mtv5-dgx1-hgpu-013"",UUID=""GPU-7d13290a-d142-6efc-4902-a186efdfe32f"",__name__=""DCGM_FI_DEV_MEM_COPY_UTIL"",device=""nvidia2"",gpu=""2"",instance=""mtv5-dgx1-hgpu-013:9400"",job=""dgx_dcgm_exporter"",modelName=""NVIDIA H100 80GB HBM3"""
"2025-07-18T20:42:34Z","DCGM_FI_DEV_MEM_COPY_UTIL","3","nvidia3","GPU-d8cfb869-2a50-9eb5-e808-c6c9cfe24f35","NVIDIA H100 80GB HBM3","mtv5-dgx1-hgpu-013","","","","38","DCGM_FI_DRIVER_VERSION=""535.129.03"",Hostname=""mtv5-dgx1-hgpu-013"",UUID=""GPU-d8cfb869-2a50-9eb5-e808-c6c9cfe24f35"",__name__=""DCGM_FI_DEV_MEM_COPY_UTIL"",device=""nvidia3"",gpu=""3"",instance=""mtv5-dgx1-hgpu-013:9400"",job=""dgx_dcgm_exporter"",modelName=""NVIDIA H100 80GB HBM3"""
"2025-07-18T20:42:34Z","DCGM_FI_DEV_MEM_COPY_UTIL","4","nvidia4","GPU-161d3e8e-6595-83f1-023d-1ee1f298640b","NVIDIA H100 80GB HBM3","mtv5-dgx1-hgpu-013","","","","26","DCGM_FI_DRIVER_VERSION=""535.129.03"",Hostname=""mtv5-dgx1-hgpu-013"",UUID=""GPU-161d3e8e-6595-83f1-023d-1ee1f298640b"",__name__=""DCGM_FI_DEV_MEM_COPY_UTIL"",device=""nvidia4"",gpu=""4"",instance=""mtv5-dgx1-hgpu-013:9400"",job=""dgx_dcgm_exporter"",modelName=""NVIDIA H100 80GB HBM3"""
"2025-07-18T20:42:34Z","DCGM_FI_DEV_MEM_COPY_UTIL","5","nvidia5","GPU-91d38b3a-f67c-fdc1-8456-b8c5d527b607","NVIDIA H100 80GB HBM3","mtv5-dgx1-hgpu-013","","","","29","DCGM_FI_DRIVER_VERSION=""535.129.03"",Hostname=""mtv5-dgx1-hgpu-013"",UUID=""GPU-91d38b3a-f67c-fdc1-8456-b8c5d527b607"",__name__=""DCGM_FI_DEV_MEM_COPY_UTIL"",device=""nvidia5"",gpu=""5"",instance=""mtv5-dgx1-hgpu-013:9400"",job=""dgx_dcgm_exporter"",modelName=""NVIDIA H100 80GB HBM3"""
"2025-07-18T20:42:34Z","DCGM_FI_DEV_MEM_COPY_UTIL","6","nvidia6","GPU-e63704be-3bc7-eb55-f37d-68dbcf3eab51","NVIDIA H100 80GB HBM3","mtv5-dgx1-hgpu-013","","","","28","DCGM_FI_DRIVER_VERSION=""535.129.03"",Hostname=""mtv5-dgx1-hgpu-013"",UUID=""GPU-e63704be-3bc7-eb55-f37d-68dbcf3eab51"",__name__=""DCGM_FI_DEV_MEM_COPY_UTIL"",device=""nvidia6"",gpu=""6"",instance=""mtv5-dgx1-hgpu-013:9400"",job=""dgx_dcgm_exporter"",modelName=""NVIDIA H100 80GB HBM3"""
"2025-07-18T20:42:34Z","DCGM_FI_DEV_MEM_COPY_UTIL","0","nvidia0","GPU-9cf80a2c-f207-4765-4369-505a2a4eeadc","NVIDIA H100 80GB HBM3","mtv5-dgx1-hgpu-016","","","","22","DCGM_FI_DRIVER_VERSION=""535.129.03"",Hostname=""mtv5-dgx1-hgpu-016"",UUID=""GPU-9cf80a2c-f207-4765-4369-505a2a4eeadc"",__name__=""DCGM_FI_DEV_MEM_COPY_UTIL"",device=""nvidia0"",gpu=""0"",instance=""mtv5-dgx1-hgpu-016:9400"",job=""dgx_dcgm_exporter"",modelName=""NVIDIA H100 80GB HBM3"""
"2025-07-18T20:42:34Z","DCGM_FI_DEV_MEM_COPY_UTIL","1","nvidia1","GPU-09ee0233-325a-abd1-7b41-ddfaeabb95fe","NVIDIA H100 80GB HBM3","mtv5-dgx1-hgpu-016","","","","37","DCGM_FI_DRIVER_VERSION=""535.129.03"",Hostname=""mtv5-dgx1-hgpu-016"",UUID=""GPU-09ee0233-325a-abd1-7b41-ddfaeabb95fe"",__name__=""DCGM_FI_DEV_MEM_COPY_UTIL"",device=""nvidia1"",gpu=""1"",instance=""mtv5-dgx1-hgpu-016:9400"",job=""dgx_dcgm_exporter"",modelName=""NVIDIA H100 80GB HBM3"""
"2025-07-18T20:42:34Z","DCGM_FI_DEV_MEM_COPY_UTIL","2","nvidia2","GPU-db5c7504-42ae-c959-fdd6-4fdccd87731e","NVIDIA H100 80GB HBM3","mtv5-dgx1-hgpu-016","","","","24","DCGM_FI_DRIVER_VERSION=""535.129.03"",Hostname=""mtv5-dgx1-hgpu-016"",UUID=""GPU-db5c7504-42ae-c959-fdd6-4fdccd87731e"",__name__=""DCGM_FI_DEV_MEM_COPY_UTIL"",device=""nvidia2"",gpu=""2"",instance=""mtv5-dgx1-hgpu-016:9400"",job=""dgx_dcgm_exporter"",modelName=""NVIDIA H100 80GB HBM3"""
"2025-07-18T20:42:34Z","DCGM_FI_DEV_MEM_COPY_UTIL","4","nvidia4","GPU-0d7a7418-5061-fe86-0edf-f75ba9fe27aa","NVIDIA H100 80GB HBM3","mtv5-dgx1-hgpu-016","","","","79","DCGM_FI_DRIVER_VERSION=""535.129.03"",Hostname=""mtv5-dgx1-hgpu-016"",UUID=""GPU-0d7a7418-5061-fe86-0edf-f75ba9fe27aa"",__name__=""DCGM_FI_DEV_MEM_COPY_UTIL"",device=""nvidia4"",gpu=""4"",instance=""mtv5-dgx1-hgpu-016:9400"",job=""dgx_dcgm_exporter"",modelName=""NVIDIA H100 80GB HBM3"""
"2025-07-18T20:42:34Z","DCGM_FI_DEV_MEM_COPY_UTIL","5","nvidia5","GPU-fb31cd73-4f82-0216-3c31-156e12b9cd87","NVIDIA H100 80GB HBM3","mtv5-dgx1-hgpu-016","","","","65","DCGM_FI_DRIVER_VERSION=""535.129.03"",Hostname=""mtv5-dgx1-hgpu-016"",UUID=""GPU-fb31cd73-4f82-0216-3c31-156e12b9cd87"",__name__=""DCGM_FI_DEV_MEM_COPY_UTIL"",device=""nvidia5"",gpu=""5"",instance=""mtv5-dgx1-hgpu-016:9400"",job=""dgx_dcgm_exporter"",modelName=""NVIDIA H100 80GB HBM3"""
"2025-07-18T20:42:34Z","DCGM_FI_DEV_MEM_COPY_UTIL","6","nvidia6","GPU-d9fbbdd8-ebba-108a-d7e0-6ba83fa6c089","NVIDIA H100 80GB HBM3","mtv5-dgx1-hgpu-016","","","","78","DCGM_FI_DRIVER_VERSION=""535.129.03"",Hostname=""mtv5-dgx1-hgpu-016"",UUID=""GPU-d9fbbdd8-ebba-108a-d7e0-6ba83fa6c089"",__name__=""DCGM_FI_DEV_MEM_COPY_UTIL"",device=""nvidia6"",gpu=""6"",instance=""mtv5-dgx1-hgpu-016:9400"",job=""dgx_dcgm_exporter"",modelName=""NVIDIA H100 80GB HBM3"""
"2025-07-18T20:42:34Z","DCGM_FI_DEV_MEM_COPY_UTIL","7","nvidia7","GPU-9e7fb56d-e25d-0cb0-ae51-9cf0c0ec9f5e","NVIDIA H100 80GB HBM3","mtv5-dgx1-hgpu-016","","","","68","DCGM_FI_DRIVER_VERSION=""535.129.03"",Hostname=""mtv5-dgx1-hgpu-016"",UUID=""GPU-9e7fb56d-e25d-0cb0-ae51-9cf0c0ec9f5e"",__name__=""DCGM_FI_DEV_MEM_COPY_UTIL"",device=""nvidia7"",gpu=""7"",instance=""mtv5-dgx1-hgpu-016:9400"",job=""dgx_dcgm_exporter"",modelName=""NVIDIA H100 80GB HBM3"""
"2025-07-18T20:42:34Z","DCGM_FI_DEV_MEM_COPY_UTIL","0","nvidia0","GPU-b43ce37b-0fac-b14b-5f75-304161847f2d","NVIDIA H100 80GB HBM3","mtv5-dgx1-hgpu-011","","","","17","DCGM_FI_DRIVER_VERSION=""535.129.03"",Hostname=""mtv5-dgx1-hgpu-011"",UUID=""GPU-b43ce37b-0fac-b14b-5f75-304161847f2d"",__name__=""DCGM_FI_DEV_MEM_COPY_UTIL"",device=""nvidia0"",gpu=""0"",instance=""mtv5-dgx1-hgpu-011:9400"",job=""dgx_dcgm_exporter"",modelName=""NVIDIA H100 80GB HBM3"""
"2025-07-18T20:42:34Z","DCGM_FI_DEV_MEM_COPY_UTIL","1","nvidia1","GPU-0bcca8d4-0c77-adf1-3a5e-e212904173d2","NVIDIA H100 80GB HBM3","mtv5-dgx1-hgpu-011","","","","14","DCGM_FI_DRIVER_VERSION=""535.129.03"",Hostname=""mtv5-dgx1-hgpu-011"",UUID=""GPU-0bcca8d4-0c77-adf1-3a5e-e212904173d2"",__name__=""DCGM_FI_DEV_MEM_COPY_UTIL"",device=""nvidia1"",gpu=""1"",instance=""mtv5-dgx1-hgpu-011:9400"",job=""dgx_dcgm_exporter"",modelName=""NVIDIA H100 80GB HBM3"""
"2025-07-18T20:42:34Z","DCGM_FI_DEV_MEM_COPY_UTIL","2","nvidia2","GPU-21ff3d4a-3b49-4701-fcaf-556ed0496c55","NVIDIA H100 80GB HBM3","mtv5-dgx1-hgpu-011","","","","0","DCGM_FI_DRIVER_VERSION=""535.129.03"",Hostname=""mtv5-dgx1-hgpu-011"",UUID=""GPU-21ff3d4a-3b49-4701-fcaf-556ed0496c55"",__name__=""DCGM_FI_DEV_MEM_COPY_UTIL"",device=""nvidia2"",gpu=""2"",instance=""mtv5-dgx1-hgpu-011:9400"",job=""dgx_dcgm_exporter"",modelName=""NVIDIA H100 80GB HBM3"""
"2025-07-18T20:42:34Z","DCGM_FI_DEV_MEM_COPY_UTIL","3","nvidia3","GPU-119c6d9d-b4b0-123a-5544-1ffb0dfc782e","NVIDIA H100 80GB HBM3","mtv5-dgx1-hgpu-011","","","","26","DCGM_FI_DRIVER_VERSION=""535.129.03"",Hostname=""mtv5-dgx1-hgpu-011"",UUID=""GPU-119c6d9d-b4b0-123a-5544-1ffb0dfc782e"",__name__=""DCGM_FI_DEV_MEM_COPY_UTIL"",device=""nvidia3"",gpu=""3"",instance=""mtv5-dgx1-hgpu-011:9400"",job=""dgx_dcgm_exporter"",modelName=""NVIDIA H100 80GB HBM3"""
"2025-07-18T20:42:34Z","DCGM_FI_DEV_MEM_COPY_UTIL","4","nvidia4","GPU-1aba20ab-9476-ebbb-ee10-5c3671000be9","NVIDIA H100 80GB HBM3","mtv5-dgx1-hgpu-011","","","","20","DCGM_FI_DRIVER_VERSION=""535.129.03"",Hostname=""mtv5-dgx1-hgpu-011"",UUID=""GPU-1aba20ab-9476-ebbb-ee10-5c3671000be9"",__name__=""DCGM_FI_DEV_MEM_COPY_UTIL"",device=""nvidia4"",gpu=""4"",instance=""mtv5-dgx1-hgpu-011:9400"",job=""dgx_dcgm_exporter"",modelName=""NVIDIA H100 80GB HBM3"""
"2025-07-18T20:42:34Z","DCGM_FI_DEV_MEM_COPY_UTIL","5","nvidia5","GPU-9c57af55-0c2c-0144-eabf-db405f3c67d2","NVIDIA H100 80GB HBM3","mtv5-dgx1-hgpu-011","","","","21","DCGM_FI_DRIVER_VERSION=""535.129.03"",Hostname=""mtv5-dgx1-hgpu-011"",UUID=""GPU-9c57af55-0c2c-0144-eabf-db405f3c67d2"",__name__=""DCGM_FI_DEV_MEM_COPY_UTIL"",device=""nvidia5"",gpu=""5"",instance=""mtv5-dgx1-hgpu-011:9400"",job=""dgx_dcgm_exporter"",modelName=""NVIDIA H100 80GB HBM3"""
"2025-07-18T20:42:34Z","DCGM_FI_DEV_MEM_COPY_UTIL","6","nvidia6","GPU-eaf1f74a-19d7-d05f-6be9-4af46f6340a9","NVIDIA H100 80GB HBM3","mtv5-dgx1-hgpu-011","","","","30","DCGM_FI_DRIVER_VERSION=""535.129.03"",Hostname=""mtv5-dgx1-hgpu-011"",UUID=""GPU-eaf1f74a-19d7-d05f-6be9-4af46f6340a9"",__name__=""DCGM_FI_DEV_MEM_COPY_UTIL"",device=""nvidia6"",gpu=""6"",instance=""mtv5-dgx1-hgpu-011:9400"",job=""dgx_dcgm_exporter"",modelName=""NVIDIA H100 80GB HBM3"""
"2025-07-18T20:42:34Z","DCGM_FI_DEV_MEM_COPY_UTIL","7","nvidia7","GPU-8e30499a-b6c4-d87b-8bae-8e6046f5922b","NVIDIA H100 80GB HBM3","mtv5-dgx1-hgpu-011","","","","0","DCGM_FI_DRIVER_VERSION=""535.129.03"",Hostname=""mtv5-dgx1-hgpu-011"",UUID=""GPU-8e30499a-b6c4-d87b-8bae-8e6046f5922b"",__name__=""DCGM_FI_DEV_MEM_COPY_UTIL"",device=""nvidia7"",gpu=""7"",instance=""mtv5-dgx1-hgpu-011:9400"",job=""dgx_dcgm_exporter"",modelName=""NVIDIA H100 80GB HBM3"""
"2025-07-18T20:42:34Z","DCGM_FI_DEV_MEM_COPY_UTIL","0","nvidia0","GPU-449050be-4de6-58e6-176a-fbfc8de78497","NVIDIA H100 80GB HBM3","mtv5-dgx1-hgpu-020","","","","0","DCGM_FI_DRIVER_VERSION=""535.129.03"",Hostname=""mtv5-dgx1-hgpu-020"",UUID=""GPU-449050be-4de6-58e6-176a-fbfc8de78497"",__name__=""DCGM_FI_DEV_MEM_COPY_UTIL"",device=""nvidia0"",gpu=""0"",instance=""mtv5-dgx1-hgpu-020:9400"",job=""dgx_dcgm_exporter"",modelName=""NVIDIA H100 80GB HBM3"""
"2025-07-18T20:42:34Z","DCGM_FI_DEV_MEM_COPY_UTIL","1","nvidia1","GPU-016f5163-a200-f674-2110-97949df1c49a","NVIDIA H100 80GB HBM3","mtv5-dgx1-hgpu-020","","","","0","DCGM_FI_DRIVER_VERSION=""535.129.03"",Hostname=""mtv5-dgx1-hgpu-020"",UUID=""GPU-016f5163-a200-f674-2110-97949df1c49a"",__name__=""DCGM_FI_DEV_MEM_COPY_UTIL"",device=""nvidia1"",gpu=""1"",instance=""mtv5-dgx1-hgpu-020:9400"",job=""dgx_dcgm_exporter"",modelName=""NVIDIA H100 80GB HBM3"""
"2025-07-18T20:42:34Z","DCGM_FI_DEV_MEM_COPY_UTIL","2","nvidia2","GPU-94367f34-8e6b-22ea-c597-db890548c15a","NVIDIA H100 80GB HBM3","mtv5-dgx1-hgpu-020","","","","0","DCGM_FI_DRIVER_VERSION=""535.129.03"",Hostname=""mtv5-dgx1-hgpu-020"",UUID=""GPU-94367f34-8e6b-22ea-c597-db890548c15a"",__name__=""DCGM_FI_DEV_MEM_COPY_UTIL"",device=""nvidia2"",gpu=""2"",instance=""mtv5-dgx1-hgpu-020:9400"",job=""dgx_dcgm_exporter"",modelName=""NVIDIA H100 80GB HBM3"""
"2025-07-18T20:42:34Z","DCGM_FI_DEV_MEM_COPY_UTIL","3","nvidia3","GPU-b765b251-a11d-a00c-2373-53f0d0a5ffb7","NVIDIA H100 80GB HBM3","mtv5-dgx1-hgpu-020","","","","0","DCGM_FI_DRIVER_VERSION=""535.129.03"",Hostname=""mtv5-dgx1-hgpu-020"",UUID=""GPU-b765b251-a11d-a00c-2373-53f0d0a5ffb7"",__name__=""DCGM_FI_DEV_MEM_COPY_UTIL"",device=""nvidia3"",gpu=""3"",instance=""mtv5-dgx1-hgpu-020:9400"",job=""dgx_dcgm_exporter"",modelName=""NVIDIA H100 80GB HBM3"""
"2025-07-18T20:42:34Z","DCGM_FI_DEV_MEM_COPY_UTIL","4","nvidia4","GPU-7e3e45d8-862b-e3f9-f02d-ac4f14c2a46f","NVIDIA H100 80GB HBM3","mtv5-dgx1-hgpu-020","","","","0","DCGM_FI_DRIVER_VERSION=""535.129.03"",Hostname=""mtv5-dgx1-hgpu-020"",UUID=""GPU-7e3e45d8-862b-e3f9-f02d-ac4f14c2a46f"",__name__=""DCGM_FI_DEV_MEM_COPY_UTIL"",device=""nvidia4"",gpu=""4"",instance=""mtv5-dgx1-hgpu-020:9400"",job=""dgx_dcgm_exporter"",modelName=""NVIDIA H100 80GB HBM3"""
"2025-07-18T20:42:34Z","DCGM_FI_DEV_MEM_COPY_UTIL","5","nvidia5","GPU-d8fc9a9c-718b-804e-6373-72627cbc84ff","NVIDIA H100 80GB HBM3","mtv5-dgx1-hgpu-020","","","","0","DCGM_FI_DRIVER_VERSION=""535.129.03"",Hostname=""mtv5-dgx1-hgpu-020"",UUID=""GPU-d8fc9a9c-718b-804e-6373-72627cbc84ff"",__name__=""DCGM_FI_DEV_MEM_COPY_UTIL"",device=""nvidia5"",gpu=""5"",instance=""mtv5-dgx1-hgpu-020:9400"",job=""dgx_dcgm_exporter"",modelName=""NVIDIA H100 80GB HBM3"""
"2025-07-18T20:42:34Z","DCGM_FI_DEV_MEM_COPY_UTIL","6","nvidia6","GPU-caab3609-4d5c-7cb2-b1f9-2b6b626318ab","NVIDIA H100 80GB HBM3","mtv5-dgx1-hgpu-020","","","","0","DCGM_FI_DRIVER_VERSION=""535.129.03"",Hostname=""mtv5-dgx1-hgpu-020"",UUID=""GPU-caab3609-4d5c-7cb2-b1f9-2b6b626318ab"",__name__=""DCGM_FI_DEV_MEM_COPY_UTIL"",device=""nvidia6"",gpu=""6"",instance=""mtv5-dgx1-hgpu-020:9400"",job=""dgx_dcgm_exporter"",modelName=""NVIDIA H100 80GB HBM3"""
"2025-07-18T20:42:34Z","DCGM_FI_DEV_MEM_COPY_UTIL","7","nvidia7","GPU-28815fec-686c-12f1-957f-5d87ea298378","NVIDIA H100 80GB HBM3","mtv5-dgx1-hgpu-020","","","","0","DCGM_FI_DRIVER_VERSION=""535.129.03"",Hostname=""mtv5-dgx1-hgpu-020"",UUID=""GPU-28815fec-686c-12f1-957f-5d87ea298378"",__name__=""DCGM_FI_DEV_MEM_COPY_UTIL"",device=""nvidia7"",gpu=""7"",instance=""mtv5-dgx1-hgpu-020:9400"",job=""dgx_dcgm_exporter"",modelName=""NVIDIA H100 80GB HBM3"""
"2025-07-18T20:42:34Z","DCGM_FI_DEV_MEM_COPY_UTIL","0","nvidia0","GPU-74e79295-3c18-056d-eaa7-a7d987365836","NVIDIA H100 80GB HBM3","mtv5-dgx1-hgpu-019","","","","58","DCGM_FI_DRIVER_VERSION=""535.129.03"",Hostname=""mtv5-dgx1-hgpu-019"",UUID=""GPU-74e79295-3c18-056d-eaa7-a7d987365836"",__name__=""DCGM_FI_DEV_MEM_COPY_UTIL"",device=""nvidia0"",gpu=""0"",instance=""mtv5-dgx1-hgpu-019:9400"",job=""dgx_dcgm_exporter"",modelName=""NVIDIA H100 80GB HBM3"""
"2025-07-18T20:42:34Z","DCGM_FI_DEV_MEM_COPY_UTIL","1","nvidia1","GPU-d7625cb0-454e-c003-581c-01828ec8bf04","NVIDIA H100 80GB HBM3","mtv5-dgx1-hgpu-019","","","","46","DCGM_FI_DRIVER_VERSION=""535.129.03"",Hostname=""mtv5-dgx1-hgpu-019"",UUID=""GPU-d7625cb0-454e-c003-581c-01828ec8bf04"",__name__=""DCGM_FI_DEV_MEM_COPY_UTIL"",device=""nvidia1"",gpu=""1"",instance=""mtv5-dgx1-hgpu-019:9400"",job=""dgx_dcgm_exporter"",modelName=""NVIDIA H100 80GB HBM3"""
"2025-07-18T20:42:34Z","DCGM_FI_DEV_MEM_COPY_UTIL","2","nvidia2","GPU-5179b753-a14e-23a1-d00f-0c522e978c6b","NVIDIA H100 80GB HBM3","mtv5-dgx1-hgpu-019","","","","57","DCGM_FI_DRIVER_VERSION=""535.129.03"",Hostname=""mtv5-dgx1-hgpu-019"",UUID=""GPU-5179b753-a14e-23a1-d00f-0c522e978c6b"",__name__=""DCGM_FI_DEV_MEM_COPY_UTIL"",device=""nvidia2"",gpu=""2"",instance=""mtv5-dgx1-hgpu-019:9400"",job=""dgx_dcgm_exporter"",modelName=""NVIDIA H100 80GB HBM3"""
"2025-07-18T20:42:34Z","DCGM_FI_DEV_MEM_COPY_UTIL","3","nvidia3","GPU-097227f5-14e1-ef95-7995-aea9aebe240e","NVIDIA H100 80GB HBM3","mtv5-dgx1-hgpu-019","","","","61","DCGM_FI_DRIVER_VERSION=""535.129.03"",Hostname=""mtv5-dgx1-hgpu-019"",UUID=""GPU-097227f5-14e1-ef95-7995-aea9aebe240e"",__name__=""DCGM_FI_DEV_MEM_COPY_UTIL"",device=""nvidia3"",gpu=""3"",instance=""mtv5-dgx1-hgpu-019:9400"",job=""dgx_dcgm_exporter"",modelName=""NVIDIA H100 80GB HBM3"""
"2025-07-18T20:42:34Z","DCGM_FI_DEV_MEM_COPY_UTIL","5","nvidia5","GPU-36513d4d-c6dc-45e8-e6a7-e2543f3bfab1","NVIDIA H100 80GB HBM3","mtv5-dgx1-hgpu-019","","","","43","DCGM_FI_DRIVER_VERSION=""535.129.03"",Hostname=""mtv5-dgx1-hgpu-019"",UUID=""GPU-36513d4d-c6dc-45e8-e6a7-e2543f3bfab1"",__name__=""DCGM_FI_DEV_MEM_COPY_UTIL"",device=""nvidia5"",gpu=""5"",instance=""mtv5-dgx1-hgpu-019:9400"",job=""dgx_dcgm_exporter"",modelName=""NVIDIA H100 80GB HBM3"""
"2025-07-18T20:42:34Z","DCGM_FI_DEV_MEM_COPY_UTIL","6","nvidia6","GPU-1ed79ee6-1a5b-4b1b-0114-0213cd358a79","NVIDIA H100 80GB HBM3","mtv5-dgx1-hgpu-019","","","","52","DCGM_FI_DRIVER_VERSION=""535.129.03"",Hostname=""mtv5-dgx1-hgpu-019"",UUID=""GPU-1ed79ee6-1a5b-4b1b-0114-0213cd358a79"",__name__=""DCGM_FI_DEV_MEM_COPY_UTIL"",device=""nvidia6"",gpu=""6"",instance=""mtv5-dgx1-hgpu-019:9400"",job=""dgx_dcgm_exporter"",modelName=""NVIDIA H100 80GB HBM3"""
"2025-07-18T20:42:34Z","DCGM_FI_DEV_MEM_COPY_UTIL","7","nvidia7","GPU-938894da-7a94-34fe-b216-ef334d8718eb","NVIDIA H100 80GB HBM3","mtv5-dgx1-hgpu-019","","","","50","DCGM_FI_DRIVER_VERSION=""535.129.03"",Hostname=""mtv5-dgx1-hgpu-019"",UUID=""GPU-938894da-7a94-34fe-b216-ef334d8718eb"",__name__=""DCGM_FI_DEV_MEM_COPY_UTIL"",device=""nvidia7"",gpu=""7"",instance=""mtv5-dgx1-hgpu-019:9400"",job=""dgx_dcgm_exporter"",modelName=""NVIDIA H100 80GB HBM3"""
"2025-07-18T20:42:34Z","DCGM_FI_DEV_MEM_COPY_UTIL","0","nvidia0","GPU-b6cacc64-34fe-ed4c-16e6-48b4e5f1997c","NVIDIA H100 80GB HBM3","mtv5-dgx1-hgpu-025","","","","51","DCGM_FI_DRIVER_VERSION=""535.129.03"",Hostname=""mtv5-dgx1-hgpu-025"",UUID=""GPU-b6cacc64-34fe-ed4c-16e6-48b4e5f1997c"",__name__=""DCGM_FI_DEV_MEM_COPY_UTIL"",device=""nvidia0"",gpu=""0"",instance=""mtv5-dgx1-hgpu-025:9400"",job=""dgx_dcgm_exporter"",modelName=""NVIDIA H100 80GB HBM3"""
"2025-07-18T20:42:34Z","DCGM_FI_DEV_MEM_COPY_UTIL","1","nvidia1","GPU-7ebf7243-2411-3f6c-c54e-1958d69a93c1","NVIDIA H100 80GB HBM3","mtv5-dgx1-hgpu-025","","","","39","DCGM_FI_DRIVER_VERSION=""535.129.03"",Hostname=""mtv5-dgx1-hgpu-025"",UUID=""GPU-7ebf7243-2411-3f6c-c54e-1958d69a93c1"",__name__=""DCGM_FI_DEV_MEM_COPY_UTIL"",device=""nvidia1"",gpu=""1"",instance=""mtv5-dgx1-hgpu-025:9400"",job=""dgx_dcgm_exporter"",modelName=""NVIDIA H100 80GB HBM3"""
"2025-07-18T20:42:34Z","DCGM_FI_DEV_MEM_COPY_UTIL","2","nvidia2","GPU-b4edc65b-dae5-0b9a-ccec-8eabaf957a7a","NVIDIA H100 80GB HBM3","mtv5-dgx1-hgpu-025","","","","50","DCGM_FI_DRIVER_VERSION=""535.129.03"",Hostname=""mtv5-dgx1-hgpu-025"",UUID=""GPU-b4edc65b-dae5-0b9a-ccec-8eabaf957a7a"",__name__=""DCGM_FI_DEV_MEM_COPY_UTIL"",device=""nvidia2"",gpu=""2"",instance=""mtv5-dgx1-hgpu-025:9400"",job=""dgx_dcgm_exporter"",modelName=""NVIDIA H100 80GB HBM3"""
"2025-07-18T20:42:34Z","DCGM_FI_DEV_MEM_COPY_UTIL","3","nvidia3","GPU-9b17032f-1b65-4ff9-4e9c-668cd8cd4475","NVIDIA H100 80GB HBM3","mtv5-dgx1-hgpu-025","","","","40","DCGM_FI_DRIVER_VERSION=""535.129.03"",Hostname=""mtv5-dgx1-hgpu-025"",UUID=""GPU-9b17032f-1b65-4ff9-4e9c-668cd8cd4475"",__name__=""DCGM_FI_DEV_MEM_COPY_UTIL"",device=""nvidia3"",gpu=""3"",instance=""mtv5-dgx1-hgpu-025:9400"",job=""dgx_dcgm_exporter"",modelName=""NVIDIA H100 80GB HBM3"""
"2025-07-18T20:42:34Z","DCGM_FI_DEV_MEM_COPY_UTIL","4","nvidia4","GPU-3179c412-45cc-539d-72fc-2d22ccdceefd","NVIDIA H100 80GB HBM3","mtv5-dgx1-hgpu-025","","","","55","DCGM_FI_DRIVER_VERSION=""535.129.03"",Hostname=""mtv5-dgx1-hgpu-025"",UUID=""GPU-3179c412-45cc-539d-72fc-2d22ccdceefd"",__name__=""DCGM_FI_DEV_MEM_COPY_UTIL"",device=""nvidia4"",gpu=""4"",instance=""mtv5-dgx1-hgpu-025:9400"",job=""dgx_dcgm_exporter"",modelName=""NVIDIA H100 80GB HBM3"""
"2025-07-18T20:42:34Z","DCGM_FI_DEV_MEM_COPY_UTIL","5","nvidia5","GPU-04cbfb2c-42cb-7cda-fff2-07b118c41791","NVIDIA H100 80GB HBM3","mtv5-dgx1-hgpu-025","","","","49","DCGM_FI_DRIVER_VERSION=""535.129.03"",Hostname=""mtv5-dgx1-hgpu-025"",UUID=""GPU-04cbfb2c-42cb-7cda-fff2-07b118c41791"",__name__=""DCGM_FI_DEV_MEM_COPY_UTIL"",device=""nvidia5"",gpu=""5"",instance=""mtv5-dgx1-hgpu-025:9400"",job=""dgx_dcgm_exporter"",modelName=""NVIDIA H100 80GB HBM3"""
"2025-07-18T20:42:34Z","DCGM_FI_DEV_MEM_COPY_UTIL","6","nvidia6","GPU-12214b99-3ddc-03ee-a584-bba507ae65f6","NVIDIA H100 80GB HBM3","mtv5-dgx1-hgpu-025","","","","44","DCGM_FI_DRIVER_VERSION=""535.129.03"",Hostname=""mtv5-dgx1-hgpu-025"",UUID=""GPU-12214b99-3ddc-03ee-a584-bba507ae65f6"",__name__=""DCGM_FI_DEV_MEM_COPY_UTIL"",device=""nvidia6"",gpu=""6"",instance=""mtv5-dgx1-hgpu-025:9400"",job=""dgx_dcgm_exporter"",modelName=""NVIDIA H100 80GB HBM3"""
"2025-07-18T20:42:34Z","DCGM_FI_DEV_MEM_COPY_UTIL","7","nvidia7","GPU-18ff5ce5-f969-01d0-439c-91e9ab043eca","NVIDIA H100 80GB HBM3","mtv5-dgx1-hgpu-025","","","","38","DCGM_FI_DRIVER_VERSION=""535.129.03"",Hostname=""mtv5-dgx1-hgpu-025"",UUID=""GPU-18ff5ce5-f969-01d0-439c-91e9ab043eca"",__name__=""DCGM_FI_DEV_MEM_COPY_UTIL"",device=""nvidia7"",gpu=""7"",instance=""mtv5-dgx1-hgpu-025:9400"",job=""dgx_dcgm_exporter"",modelName=""NVIDIA H100 80GB HBM3"""
"2025-07-18T20:42:34Z","DCGM_FI_DEV_MEM_COPY_UTIL","0","nvidia0","GPU-d87f967d-51ef-7861-174f-94066ef67d16","NVIDIA H100 80GB HBM3","mtv5-dgx1-hgpu-006","","","","41","DCGM_FI_DRIVER_VERSION=""535.129.03"",Hostname=""mtv5-dgx1-hgpu-006"",UUID=""GPU-d87f967d-51ef-7861-174f-94066ef67d16"",__name__=""DCGM_FI_DEV_MEM_COPY_UTIL"",device=""nvidia0"",gpu=""0"",instance=""mtv5-dgx1-hgpu-006:9400"",job=""dgx_dcgm_exporter"",modelName=""NVIDIA H100 80GB HBM3"""
"2025-07-18T20:42:34Z","DCGM_FI_DEV_MEM_COPY_UTIL","1","nvidia1","GPU-1df3e374-2435-dc0a-53d1-52a93108d331","NVIDIA H100 80GB HBM3","mtv5-dgx1-hgpu-006","","","","35","DCGM_FI_DRIVER_VERSION=""535.129.03"",Hostname=""mtv5-dgx1-hgpu-006"",UUID=""GPU-1df3e374-2435-dc0a-53d1-52a93108d331"",__name__=""DCGM_FI_DEV_MEM_COPY_UTIL"",device=""nvidia1"",gpu=""1"",instance=""mtv5-dgx1-hgpu-006:9400"",job=""dgx_dcgm_exporter"",modelName=""NVIDIA H100 80GB HBM3"""
"2025-07-18T20:42:34Z","DCGM_FI_DEV_MEM_COPY_UTIL","2","nvidia2","GPU-45de4403-9ea6-38fd-dc54-0f69d7fa5f41","NVIDIA H100 80GB HBM3","mtv5-dgx1-hgpu-006","","","","38","DCGM_FI_DRIVER_VERSION=""535.129.03"",Hostname=""mtv5-dgx1-hgpu-006"",UUID=""GPU-45de4403-9ea6-38fd-dc54-0f69d7fa5f41"",__name__=""DCGM_FI_DEV_MEM_COPY_UTIL"",device=""nvidia2"",gpu=""2"",instance=""mtv5-dgx1-hgpu-006:9400"",job=""dgx_dcgm_exporter"",modelName=""NVIDIA H100 80GB HBM3"""
"2025-07-18T20:42:34Z","DCGM_FI_DEV_MEM_COPY_UTIL","3","nvidia3","GPU-c4ae27ef-9dd3-290a-8aa3-418ab889ea71","NVIDIA H100 80GB HBM3","mtv5-dgx1-hgpu-006","","","","46","DCGM_FI_DRIVER_VERSION=""535.129.03"",Hostname=""mtv5-dgx1-hgpu-006"",UUID=""GPU-c4ae27ef-9dd3-290a-8aa3-418ab889ea71"",__name__=""DCGM_FI_DEV_MEM_COPY_UTIL"",device=""nvidia3"",gpu=""3"",instance=""mtv5-dgx1-hgpu-006:9400"",job=""dgx_dcgm_exporter"",modelName=""NVIDIA H100 80GB HBM3"""
"2025-07-18T20:42:34Z","DCGM_FI_DEV_MEM_COPY_UTIL","5","nvidia5","GPU-7bebef2f-db5c-95a9-7ebe-46d98bd1253d","NVIDIA H100 80GB HBM3","mtv5-dgx1-hgpu-006","","","","43","DCGM_FI_DRIVER_VERSION=""535.129.03"",Hostname=""mtv5-dgx1-hgpu-006"",UUID=""GPU-7bebef2f-db5c-95a9-7ebe-46d98bd1253d"",__name__=""DCGM_FI_DEV_MEM_COPY_UTIL"",device=""nvidia5"",gpu=""5"",instance=""mtv5-dgx1-hgpu-006:9400"",job=""dgx_dcgm_exporter"",modelName=""NVIDIA H100 80GB HBM3"""
"2025-07-18T20:42:34Z","DCGM_FI_DEV_MEM_COPY_UTIL","6","nvidia6","GPU-c4fea854-c680-ba04-7284-d0cf1598749c","NVIDIA H100 80GB HBM3","mtv5-dgx1-hgpu-006","","","","36","DCGM_FI_DRIVER_VERSION=""535.129.03"",Hostname=""mtv5-dgx1-hgpu-006"",UUID=""GPU-c4fea854-c680-ba04-7284-d0cf1598749c"",__name__=""DCGM_FI_DEV_MEM_COPY_UTIL"",device=""nvidia6"",gpu=""6"",instance=""mtv5-dgx1-hgpu-006:9400"",job=""dgx_dcgm_exporter"",modelName=""NVIDIA H100 80GB HBM3"""
"2025-07-18T20:42:34Z","DCGM_FI_DEV_MEM_COPY_UTIL","7","nvidia7","GPU-b2d8a4d1-772f-1320-22a1-cbeab3ec0b4c","NVIDIA H100 80GB HBM3","mtv5-dgx1-hgpu-006","","","","44","DCGM_FI_DRIVER_VERSION=""535.129.03"",Hostname=""mtv5-dgx1-hgpu-006"",UUID=""GPU-b2d8a4d1-772f-1320-22a1-cbeab3ec0b4c"",__name__=""DCGM_FI_DEV_MEM_COPY_UTIL"",device=""nvidia7"",gpu=""7"",instance=""mtv5-dgx1-hgpu-006:9400"",job=""dgx_dcgm_exporter"",modelName=""NVIDIA H100 80GB HBM3"""
"2025-07-18T20:42:34Z","DCGM_FI_DEV_MEM_COPY_UTIL","0","nvidia0","GPU-64f4db70-4fec-e134-5602-1e14030846ae","NVIDIA H100 80GB HBM3","mtv5-dgx1-hgpu-008","","","","2","DCGM_FI_DRIVER_VERSION=""535.129.03"",Hostname=""mtv5-dgx1-hgpu-008"",UUID=""GPU-64f4db70-4fec-e134-5602-1e14030846ae"",__name__=""DCGM_FI_DEV_MEM_COPY_UTIL"",device=""nvidia0"",gpu=""0"",instance=""mtv5-dgx1-hgpu-008:9400"",job=""dgx_dcgm_exporter"",modelName=""NVIDIA H100 80GB HBM3"""
"2025-07-18T20:42:34Z","DCGM_FI_DEV_MEM_COPY_UTIL","1","nvidia1","GPU-f04550ee-2df1-add0-5f41-bf4570269ec5","NVIDIA H100 80GB HBM3","mtv5-dgx1-hgpu-008","","","","0","DCGM_FI_DRIVER_VERSION=""535.129.03"",Hostname=""mtv5-dgx1-hgpu-008"",UUID=""GPU-f04550ee-2df1-add0-5f41-bf4570269ec5"",__name__=""DCGM_FI_DEV_MEM_COPY_UTIL"",device=""nvidia1"",gpu=""1"",instance=""mtv5-dgx1-hgpu-008:9400"",job=""dgx_dcgm_exporter"",modelName=""NVIDIA H100 80GB HBM3"""
"2025-07-18T20:42:34Z","DCGM_FI_DEV_MEM_COPY_UTIL","2","nvidia2","GPU-ca258b0e-7bd1-6c11-2eee-02a338ac1609","NVIDIA H100 80GB HBM3","mtv5-dgx1-hgpu-008","","","","0","DCGM_FI_DRIVER_VERSION=""535.129.03"",Hostname=""mtv5-dgx1-hgpu-008"",UUID=""GPU-ca258b0e-7bd1-6c11-2eee-02a338ac1609"",__name__=""DCGM_FI_DEV_MEM_COPY_UTIL"",device=""nvidia2"",gpu=""2"",instance=""mtv5-dgx1-hgpu-008:9400"",job=""dgx_dcgm_exporter"",modelName=""NVIDIA H100 80GB HBM3"""
"2025-07-18T20:42:34Z","DCGM_FI_DEV_MEM_COPY_UTIL","3","nvidia3","GPU-15c9c1d7-714c-c5ab-46a2-f55d77b70ca0","NVIDIA H100 80GB HBM3","mtv5-dgx1-hgpu-008","","","","0","DCGM_FI_DRIVER_VERSION=""535.129.03"",Hostname=""mtv5-dgx1-hgpu-008"",UUID=""GPU-15c9c1d7-714c-c5ab-46a2-f55d77b70ca0"",__name__=""DCGM_FI_DEV_MEM_COPY_UTIL"",device=""nvidia3"",gpu=""3"",instance=""mtv5-dgx1-hgpu-008:9400"",job=""dgx_dcgm_exporter"",modelName=""NVIDIA H100 80GB HBM3"""
"2025-07-18T20:42:34Z","DCGM_FI_DEV_MEM_COPY_UTIL","4","nvidia4","GPU-c40ad9e8-20e9-ad8e-099b-3202e852fec2","NVIDIA H100 80GB HBM3","mtv5-dgx1-hgpu-008","","","","2","DCGM_FI_DRIVER_VERSION=""535.129.03"",Hostname=""mtv5-dgx1-hgpu-008"",UUID=""GPU-c40ad9e8-20e9-ad8e-099b-3202e852fec2"",__name__=""DCGM_FI_DEV_MEM_COPY_UTIL"",device=""nvidia4"",gpu=""4"",instance=""mtv5-dgx1-hgpu-008:9400"",job=""dgx_dcgm_exporter"",modelName=""NVIDIA H100 80GB HBM3"""
"2025-07-18T20:42:34Z","DCGM_FI_DEV_MEM_COPY_UTIL","5","nvidia5","GPU-b255abcc-50a8-a808-2a20-4002dece8306","NVIDIA H100 80GB HBM3","mtv5-dgx1-hgpu-008","","","","0","DCGM_FI_DRIVER_VERSION=""535.129.03"",Hostname=""mtv5-dgx1-hgpu-008"",UUID=""GPU-b255abcc-50a8-a808-2a20-4002dece8306"",__name__=""DCGM_FI_DEV_MEM_COPY_UTIL"",device=""nvidia5"",gpu=""5"",instance=""mtv5-dgx1-hgpu-008:9400"",job=""dgx_dcgm_exporter"",modelName=""NVIDIA H100 80GB HBM3"""
"2025-07-18T20:42:34Z","DCGM_FI_DEV_MEM_COPY_UTIL","6","nvidia6","GPU-501a1d89-ff16-e142-96c3-610926a34b80","NVIDIA H100 80GB HBM3","mtv5-dgx1-hgpu-008","","","","0","DCGM_FI_DRIVER_VERSION=""535.129.03"",Hostname=""mtv5-dgx1-hgpu-008"",UUID=""GPU-501a1d89-ff16-e142-96c3-610926a34b80"",__name__=""DCGM_FI_DEV_MEM_COPY_UTIL"",device=""nvidia6"",gpu=""6"",instance=""mtv5-dgx1-hgpu-008:9400"",job=""dgx_dcgm_exporter"",modelName=""NVIDIA H100 80GB HBM3"""
"2025-07-18T20:42:34Z","DCGM_FI_DEV_MEM_COPY_UTIL","7","nvidia7","GPU-91f972ac-f810-2f25-978c-aeb9248ccca8","NVIDIA H100 80GB HBM3","mtv5-dgx1-hgpu-008","","","","0","DCGM_FI_DRIVER_VERSION=""535.129.03"",Hostname=""mtv5-dgx1-hgpu-008"",UUID=""GPU-91f972ac-f810-2f25-978c-aeb9248ccca8"",__name__=""DCGM_FI_DEV_MEM_COPY_UTIL"",device=""nvidia7"",gpu=""7"",instance=""mtv5-dgx1-hgpu-008:9400"",job=""dgx_dcgm_exporter"",modelName=""NVIDIA H100 80GB HBM3"""
"2025-07-18T20:42:34Z","DCGM_FI_DEV_MEM_COPY_UTIL","1","nvidia1","GPU-bb859f9b-6534-01a6-f5a1-bbb83a364f8d","NVIDIA H100 80GB HBM3","mtv5-dgx1-hgpu-003","","","","0","DCGM_FI_DRIVER_VERSION=""535.129.03"",Hostname=""mtv5-dgx1-hgpu-003"",UUID=""GPU-bb859f9b-6534-01a6-f5a1-bbb83a364f8d"",__name__=""DCGM_FI_DEV_MEM_COPY_UTIL"",device=""nvidia1"",gpu=""1"",instance=""mtv5-dgx1-hgpu-003:9400"",job=""dgx_dcgm_exporter"",modelName=""NVIDIA H100 80GB HBM3"""
"2025-07-18T20:42:34Z","DCGM_FI_DEV_MEM_COPY_UTIL","2","nvidia2","GPU-6e5c10e0-f1c2-91f6-f013-37fbc7df43d4","NVIDIA H100 80GB HBM3","mtv5-dgx1-hgpu-003","","","","0","DCGM_FI_DRIVER_VERSION=""535.129.03"",Hostname=""mtv5-dgx1-hgpu-003"",UUID=""GPU-6e5c10e0-f1c2-91f6-f013-37fbc7df43d4"",__name__=""DCGM_FI_DEV_MEM_COPY_UTIL"",device=""nvidia2"",gpu=""2"",instance=""mtv5-dgx1-hgpu-003:9400"",job=""dgx_dcgm_exporter"",modelName=""NVIDIA H100 80GB HBM3"""
"2025-07-18T20:42:34Z","DCGM_FI_DEV_MEM_COPY_UTIL","3","nvidia3","GPU-2c5d8e0b-01b6-85f3-2ac6-de10b7a43a14","NVIDIA H100 80GB HBM3","mtv5-dgx1-hgpu-003","","","","0","DCGM_FI_DRIVER_VERSION=""535.129.03"",Hostname=""mtv5-dgx1-hgpu-003"",UUID=""GPU-2c5d8e0b-01b6-85f3-2ac6-de10b7a43a14"",__name__=""DCGM_FI_DEV_MEM_COPY_UTIL"",device=""nvidia3"",gpu=""3"",instance=""mtv5-dgx1-hgpu-003:9400"",job=""dgx_dcgm_exporter"",modelName=""NVIDIA H100 80GB HBM3"""
"2025-07-18T20:42:34Z","DCGM_FI_DEV_MEM_COPY_UTIL","4","nvidia4","GPU-7c54441b-73b9-7721-df67-95f3aa5ec2fe","NVIDIA H100 80GB HBM3","mtv5-dgx1-hgpu-003","","","","0","DCGM_FI_DRIVER_VERSION=""535.129.03"",Hostname=""mtv5-dgx1-hgpu-003"",UUID=""GPU-7c54441b-73b9-7721-df67-95f3aa5ec2fe"",__name__=""DCGM_FI_DEV_MEM_COPY_UTIL"",device=""nvidia4"",gpu=""4"",instance=""mtv5-dgx1-hgpu-003:9400"",job=""dgx_dcgm_exporter"",modelName=""NVIDIA H100 80GB HBM3"""
"2025-07-18T20:42:34Z","DCGM_FI_DEV_MEM_COPY_UTIL","5","nvidia5","GPU-d3236b00-4bef-a02c-7f04-a1a3077bba1f","NVIDIA H100 80GB HBM3","mtv5-dgx1-hgpu-003","","","","0","DCGM_FI_DRIVER_VERSION=""535.129.03"",Hostname=""mtv5-dgx1-hgpu-003"",UUID=""GPU-d3236b00-4bef-a02c-7f04-a1a3077bba1f"",__name__=""DCGM_FI_DEV_MEM_COPY_UTIL"",device=""nvidia5"",gpu=""5"",instance=""mtv5-dgx1-hgpu-003:9400"",job=""dgx_dcgm_exporter"",modelName=""NVIDIA H100 80GB HBM3"""
"2025-07-18T20:42:34Z","DCGM_FI_DEV_MEM_COPY_UTIL","6","nvidia6","GPU-f25f008f-20b1-6323-ee80-d86d86465121","NVIDIA H100 80GB HBM3","mtv5-dgx1-hgpu-003","","","","0","DCGM_FI_DRIVER_VERSION=""535.129.03"",Hostname=""mtv5-dgx1-hgpu-003"",UUID=""GPU-f25f008f-20b1-6323-ee80-d86d86465121"",__name__=""DCGM_FI_DEV_MEM_COPY_UTIL"",device=""nvidia6"",gpu=""6"",instance=""mtv5-dgx1-hgpu-003:9400"",job=""dgx_dcgm_exporter"",modelName=""NVIDIA H100 80GB HBM3"""
"2025-07-18T20:42:34Z","DCGM_FI_DEV_MEM_COPY_UTIL","7","nvidia7","GPU-d19cf126-ad61-3c35-7585-cc04061f27c5","NVIDIA H100 80GB HBM3","mtv5-dgx1-hgpu-003","","","","0","DCGM_FI_DRIVER_VERSION=""535.129.03"",Hostname=""mtv5-dgx1-hgpu-003"",UUID=""GPU-d19cf126-ad61-3c35-7585-cc04061f27c5"",__name__=""DCGM_FI_DEV_MEM_COPY_UTIL"",device=""nvidia7"",gpu=""7"",instance=""mtv5-dgx1-hgpu-003:9400"",job=""dgx_dcgm_exporter"",modelName=""NVIDIA H100 80GB HBM3"""
"2025-07-18T20:42:34Z","DCGM_FI_DEV_MEM_COPY_UTIL","0","nvidia0","GPU-d01c972a-385c-2989-9381-66d4abdc00ef","NVIDIA H100 80GB HBM3","mtv5-dgx1-hgpu-017","","","","73","DCGM_FI_DRIVER_VERSION=""535.129.03"",Hostname=""mtv5-dgx1-hgpu-017"",UUID=""GPU-d01c972a-385c-2989-9381-66d4abdc00ef"",__name__=""DCGM_FI_DEV_MEM_COPY_UTIL"",device=""nvidia0"",gpu=""0"",instance=""mtv5-dgx1-hgpu-017:9400"",job=""dgx_dcgm_exporter"",modelName=""NVIDIA H100 80GB HBM3"""
"2025-07-18T20:42:34Z","DCGM_FI_DEV_MEM_COPY_UTIL","1","nvidia1","GPU-824d54a9-5256-3c73-9302-ca72768975fb","NVIDIA H100 80GB HBM3","mtv5-dgx1-hgpu-017","","","","73","DCGM_FI_DRIVER_VERSION=""535.129.03"",Hostname=""mtv5-dgx1-hgpu-017"",UUID=""GPU-824d54a9-5256-3c73-9302-ca72768975fb"",__name__=""DCGM_FI_DEV_MEM_COPY_UTIL"",device=""nvidia1"",gpu=""1"",instance=""mtv5-dgx1-hgpu-017:9400"",job=""dgx_dcgm_exporter"",modelName=""NVIDIA H100 80GB HBM3"""
"2025-07-18T20:42:34Z","DCGM_FI_DEV_MEM_COPY_UTIL","3","nvidia3","GPU-7af802cc-63ec-9645-8aeb-18ad6fcb498c","NVIDIA H100 80GB HBM3","mtv5-dgx1-hgpu-017","","","","65","DCGM_FI_DRIVER_VERSION=""535.129.03"",Hostname=""mtv5-dgx1-hgpu-017"",UUID=""GPU-7af802cc-63ec-9645-8aeb-18ad6fcb498c"",__name__=""DCGM_FI_DEV_MEM_COPY_UTIL"",device=""nvidia3"",gpu=""3"",instance=""mtv5-dgx1-hgpu-017:9400"",job=""dgx_dcgm_exporter"",modelName=""NVIDIA H100 80GB HBM3"""
"2025-07-18T20:42:34Z","DCGM_FI_DEV_MEM_COPY_UTIL","4","nvidia4","GPU-e412100c-ba58-d3b9-f676-0994a97dfb7f","NVIDIA H100 80GB HBM3","mtv5-dgx1-hgpu-017","","","","21","DCGM_FI_DRIVER_VERSION=""535.129.03"",Hostname=""mtv5-dgx1-hgpu-017"",UUID=""GPU-e412100c-ba58-d3b9-f676-0994a97dfb7f"",__name__=""DCGM_FI_DEV_MEM_COPY_UTIL"",device=""nvidia4"",gpu=""4"",instance=""mtv5-dgx1-hgpu-017:9400"",job=""dgx_dcgm_exporter"",modelName=""NVIDIA H100 80GB HBM3"""
"2025-07-18T20:42:34Z","DCGM_FI_DEV_MEM_COPY_UTIL","5","nvidia5","GPU-d59fc9a0-0657-c62f-5fa5-310f3b23cd57","NVIDIA H100 80GB HBM3","mtv5-dgx1-hgpu-017","","","","25","DCGM_FI_DRIVER_VERSION=""535.129.03"",Hostname=""mtv5-dgx1-hgpu-017"",UUID=""GPU-d59fc9a0-0657-c62f-5fa5-310f3b23cd57"",__name__=""DCGM_FI_DEV_MEM_COPY_UTIL"",device=""nvidia5"",gpu=""5"",instance=""mtv5-dgx1-hgpu-017:9400"",job=""dgx_dcgm_exporter"",modelName=""NVIDIA H100 80GB HBM3"""
"2025-07-18T20:42:34Z","DCGM_FI_DEV_MEM_COPY_UTIL","7","nvidia7","GPU-8aa241a7-b4e0-6f56-b990-6e9a136b73bc","NVIDIA H100 80GB HBM3","mtv5-dgx1-hgpu-017","","","","22","DCGM_FI_DRIVER_VERSION=""535.129.03"",Hostname=""mtv5-dgx1-hgpu-017"",UUID=""GPU-8aa241a7-b4e0-6f56-b990-6e9a136b73bc"",__name__=""DCGM_FI_DEV_MEM_COPY_UTIL"",device=""nvidia7"",gpu=""7"",instance=""mtv5-dgx1-hgpu-017:9400"",job=""dgx_dcgm_exporter"",modelName=""NVIDIA H100 80GB HBM3"""
"2025-07-18T20:42:34Z","DCGM_FI_DEV_MEM_COPY_UTIL","6","nvidia6","GPU-a938233b-037a-ddaa-6dbb-5fdfd10bc2d3","NVIDIA H100 80GB HBM3","mtv5-dgx1-hgpu-017","","","","31","DCGM_FI_DRIVER_VERSION=""535.129.03"",Hostname=""mtv5-dgx1-hgpu-017"",UUID=""GPU-a938233b-037a-ddaa-6dbb-5fdfd10bc2d3"",__name__=""DCGM_FI_DEV_MEM_COPY_UTIL"",device=""nvidia6"",gpu=""6"",instance=""mtv5-dgx1-hgpu-017:9400"",job=""dgx_dcgm_exporter"",modelName=""NVIDIA H100 80GB HBM3"""
"2025-07-18T20:42:34Z","DCGM_FI_DEV_MEM_COPY_UTIL","0","nvidia0","GPU-caea0e42-0359-ec5c-a7ec-7951039007d8","NVIDIA H100 80GB HBM3","mtv5-dgx1-hgpu-003","","","","0","DCGM_FI_DRIVER_VERSION=""535.129.03"",Hostname=""mtv5-dgx1-hgpu-003"",UUID=""GPU-caea0e42-0359-ec5c-a7ec-7951039007d8"",__name__=""DCGM_FI_DEV_MEM_COPY_UTIL"",device=""nvidia0"",gpu=""0"",instance=""mtv5-dgx1-hgpu-003:9400"",job=""dgx_dcgm_exporter"",modelName=""NVIDIA H100 80GB HBM3"""
"2025-07-18T20:42:34Z","DCGM_FI_DEV_MEM_COPY_UTIL","0","nvidia0","GPU-a20b4d58-9025-2046-b046-994dcd463641","NVIDIA H100 80GB HBM3","mtv5-dgx1-hgpu-001","","","","0","DCGM_FI_DRIVER_VERSION=""535.129.03"",Hostname=""mtv5-dgx1-hgpu-001"",UUID=""GPU-a20b4d58-9025-2046-b046-994dcd463641"",__name__=""DCGM_FI_DEV_MEM_COPY_UTIL"",device=""nvidia0"",gpu=""0"",instance=""mtv5-dgx1-hgpu-001:9400"",job=""dgx_dcgm_exporter"",modelName=""NVIDIA H100 80GB HBM3"""
"2025-07-18T20:42:34Z","DCGM_FI_DEV_MEM_COPY_UTIL","1","nvidia1","GPU-b4958c30-e63d-1c8c-1d86-7c7c780d8527","NVIDIA H100 80GB HBM3","mtv5-dgx1-hgpu-001","","","","0","DCGM_FI_DRIVER_VERSION=""535.129.03"",Hostname=""mtv5-dgx1-hgpu-001"",UUID=""GPU-b4958c30-e63d-1c8c-1d86-7c7c780d8527"",__name__=""DCGM_FI_DEV_MEM_COPY_UTIL"",device=""nvidia1"",gpu=""1"",instance=""mtv5-dgx1-hgpu-001:9400"",job=""dgx_dcgm_exporter"",modelName=""NVIDIA H100 80GB HBM3"""
"2025-07-18T20:42:34Z","DCGM_FI_DEV_MEM_COPY_UTIL","2","nvidia2","GPU-10e1f35b-72a1-130a-6685-76542440a460","NVIDIA H100 80GB HBM3","mtv5-dgx1-hgpu-001","","","","0","DCGM_FI_DRIVER_VERSION=""535.129.03"",Hostname=""mtv5-dgx1-hgpu-001"",UUID=""GPU-10e1f35b-72a1-130a-6685-76542440a460"",__name__=""DCGM_FI_DEV_MEM_COPY_UTIL"",device=""nvidia2"",gpu=""2"",instance=""mtv5-dgx1-hgpu-001:9400"",job=""dgx_dcgm_exporter"",modelName=""NVIDIA H100 80GB HBM3"""
"2025-07-18T20:42:34Z","DCGM_FI_DEV_MEM_COPY_UTIL","3","nvidia3","GPU-0dfa2074-ab9d-8e40-0532-a1dae9df0754","NVIDIA H100 80GB HBM3","mtv5-dgx1-hgpu-001","","","","0","DCGM_FI_DRIVER_VERSION=""535.129.03"",Hostname=""mtv5-dgx1-hgpu-001"",UUID=""GPU-0dfa2074-ab9d-8e40-0532-a1dae9df0754"",__name__=""DCGM_FI_DEV_MEM_COPY_UTIL"",device=""nvidia3"",gpu=""3"",instance=""mtv5-dgx1-hgpu-001:9400"",job=""dgx_dcgm_exporter"",modelName=""NVIDIA H100 80GB HBM3"""
"2025-07-18T20:42:34Z","DCGM_FI_DEV_MEM_COPY_UTIL","4","nvidia4","GPU-188aa08e-6189-de34-8707-cfb5156b8614","NVIDIA H100 80GB HBM3","mtv5-dgx1-hgpu-001","","","","0","DCGM_FI_DRIVER_VERSION=""535.129.03"",Hostname=""mtv5-dgx1-hgpu-001"",UUID=""GPU-188aa08e-6189-de34-8707-cfb5156b8614"",__name__=""DCGM_FI_DEV_MEM_COPY_UTIL"",device=""nvidia4"",gpu=""4"",instance=""mtv5-dgx1-hgpu-001:9400"",job=""dgx_dcgm_exporter"",modelName=""NVIDIA H100 80GB HBM3"""
"2025-07-18T20:42:34Z","DCGM_FI_DEV_MEM_COPY_UTIL","5","nvidia5","GPU-98eae3b6-730a-7fc2-103d-b81cb4ade0d1","NVIDIA H100 80GB HBM3","mtv5-dgx1-hgpu-001","","","","0","DCGM_FI_DRIVER_VERSION=""535.129.03"",Hostname=""mtv5-dgx1-hgpu-001"",UUID=""GPU-98eae3b6-730a-7fc2-103d-b81cb4ade0d1"",__name__=""DCGM_FI_DEV_MEM_COPY_UTIL"",device=""nvidia5"",gpu=""5"",instance=""mtv5-dgx1-hgpu-001:9400"",job=""dgx_dcgm_exporter"",modelName=""NVIDIA H100 80GB HBM3"""
"2025-07-18T20:42:34Z","DCGM_FI_DEV_MEM_COPY_UTIL","6","nvidia6","GPU-97640ca7-00a0-5627-858d-e056c3ed7418","NVIDIA H100 80GB HBM3","mtv5-dgx1-hgpu-001","","","","0","DCGM_FI_DRIVER_VERSION=""535.129.03"",Hostname=""mtv5-dgx1-hgpu-001"",UUID=""GPU-97640ca7-00a0-5627-858d-e056c3ed7418"",__name__=""DCGM_FI_DEV_MEM_COPY_UTIL"",device=""nvidia6"",gpu=""6"",instance=""mtv5-dgx1-hgpu-001:9400"",job=""dgx_dcgm_exporter"",modelName=""NVIDIA H100 80GB HBM3"""
"2025-07-18T20:42:34Z","DCGM_FI_DEV_MEM_COPY_UTIL","7","nvidia7","GPU-c18aa027-c31a-81f4-734c-509968e685e9","NVIDIA H100 80GB HBM3","mtv5-dgx1-hgpu-001","","","","0","DCGM_FI_DRIVER_VERSION=""535.129.03"",Hostname=""mtv5-dgx1-hgpu-001"",UUID=""GPU-c18aa027-c31a-81f4-734c-509968e685e9"",__name__=""DCGM_FI_DEV_MEM_COPY_UTIL"",device=""nvidia7"",gpu=""7"",instance=""mtv5-dgx1-hgpu-001:9400"",job=""dgx_dcgm_exporter"",modelName=""NVIDIA H100 80GB HBM3"""
"2025-07-18T20:42:34Z","DCGM_FI_DEV_MEM_COPY_UTIL","0","nvidia0","GPU-37e11a2e-976d-e36f-6d8c-e629b353a911","NVIDIA H100 80GB HBM3","mtv5-dgx1-hgpu-015","","","","0","DCGM_FI_DRIVER_VERSION=""535.129.03"",Hostname=""mtv5-dgx1-hgpu-015"",UUID=""GPU-37e11a2e-976d-e36f-6d8c-e629b353a911"",__name__=""DCGM_FI_DEV_MEM_COPY_UTIL"",device=""nvidia0"",gpu=""0"",instance=""mtv5-dgx1-hgpu-015:9400"",job=""dgx_dcgm_exporter"",modelName=""NVIDIA H100 80GB HBM3"""
"2025-07-18T20:42:34Z","DCGM_FI_DEV_MEM_COPY_UTIL","1","nvidia1","GPU-14f59670-bd1d-5720-c03d-d7788a9b78ed","NVIDIA H100 80GB HBM3","mtv5-dgx1-hgpu-015","","","","0","DCGM_FI_DRIVER_VERSION=""535.129.03"",Hostname=""mtv5-dgx1-hgpu-015"",UUID=""GPU-14f59670-bd1d-5720-c03d-d7788a9b78ed"",__name__=""DCGM_FI_DEV_MEM_COPY_UTIL"",device=""nvidia1"",gpu=""1"",instance=""mtv5-dgx1-hgpu-015:9400"",job=""dgx_dcgm_exporter"",modelName=""NVIDIA H100 80GB HBM3"""
"2025-07-18T20:42:34Z","DCGM_FI_DEV_MEM_COPY_UTIL","2","nvidia2","GPU-c21bfc77-dcb6-df62-ed79-caf11d0c62d9","NVIDIA H100 80GB HBM3","mtv5-dgx1-hgpu-015","","","","0","DCGM_FI_DRIVER_VERSION=""535.129.03"",Hostname=""mtv5-dgx1-hgpu-015"",UUID=""GPU-c21bfc77-dcb6-df62-ed79-caf11d0c62d9"",__name__=""DCGM_FI_DEV_MEM_COPY_UTIL"",device=""nvidia2"",gpu=""2"",instance=""mtv5-dgx1-hgpu-015:9400"",job=""dgx_dcgm_exporter"",modelName=""NVIDIA H100 80GB HBM3"""
"2025-07-18T20:42:34Z","DCGM_FI_DEV_MEM_COPY_UTIL","3","nvidia3","GPU-43a42a8a-c5bb-7c37-0096-f5098e8ea951","NVIDIA H100 80GB HBM3","mtv5-dgx1-hgpu-015","","","","0","DCGM_FI_DRIVER_VERSION=""535.129.03"",Hostname=""mtv5-dgx1-hgpu-015"",UUID=""GPU-43a42a8a-c5bb-7c37-0096-f5098e8ea951"",__name__=""DCGM_FI_DEV_MEM_COPY_UTIL"",device=""nvidia3"",gpu=""3"",instance=""mtv5-dgx1-hgpu-015:9400"",job=""dgx_dcgm_exporter"",modelName=""NVIDIA H100 80GB HBM3"""
"2025-07-18T20:42:34Z","DCGM_FI_DEV_MEM_COPY_UTIL","4","nvidia4","GPU-31814eea-ff06-6a59-c71c-8c0e5f7b04fd","NVIDIA H100 80GB HBM3","mtv5-dgx1-hgpu-015","","","","0","DCGM_FI_DRIVER_VERSION=""535.129.03"",Hostname=""mtv5-dgx1-hgpu-015"",UUID=""GPU-31814eea-ff06-6a59-c71c-8c0e5f7b04fd"",__name__=""DCGM_FI_DEV_MEM_COPY_UTIL"",device=""nvidia4"",gpu=""4"",instance=""mtv5-dgx1-hgpu-015:9400"",job=""dgx_dcgm_exporter"",modelName=""NVIDIA H100 80GB HBM3"""
"2025-07-18T20:42:34Z","DCGM_FI_DEV_MEM_COPY_UTIL","5","nvidia5","GPU-be036237-d880-e947-52bf-d5bcf8f675c3","NVIDIA H100 80GB HBM3","mtv5-dgx1-hgpu-015","","","","0","DCGM_FI_DRIVER_VERSION=""535.129.03"",Hostname=""mtv5-dgx1-hgpu-015"",UUID=""GPU-be036237-d880-e947-52bf-d5bcf8f675c3"",__name__=""DCGM_FI_DEV_MEM_COPY_UTIL"",device=""nvidia5"",gpu=""5"",instance=""mtv5-dgx1-hgpu-015:9400"",job=""dgx_dcgm_exporter"",modelName=""NVIDIA H100 80GB HBM3"""
"2025-07-18T20:42:34Z","DCGM_FI_DEV_MEM_COPY_UTIL","6","nvidia6","GPU-64be56f5-f573-f8c7-06d4-4bac8316cdf8","NVIDIA H100 80GB HBM3","mtv5-dgx1-hgpu-015","","","","0","DCGM_FI_DRIVER_VERSION=""535.129.03"",Hostname=""mtv5-dgx1-hgpu-015"",UUID=""GPU-64be56f5-f573-f8c7-06d4-4bac8316cdf8"",__name__=""DCGM_FI_DEV_MEM_COPY_UTIL"",device=""nvidia6"",gpu=""6"",instance=""mtv5-dgx1-hgpu-015:9400"",job=""dgx_dcgm_exporter"",modelName=""NVIDIA H100 80GB HBM3"""
"2025-07-18T20:42:34Z","DCGM_FI_DEV_MEM_COPY_UTIL","7","nvidia7","GPU-fd4ddd9a-4ebc-3875-7552-059c3858b041","NVIDIA H100 80GB HBM3","mtv5-dgx1-hgpu-015","","","","0","DCGM_FI_DRIVER_VERSION=""535.129.03"",Hostname=""mtv5-dgx1-hgpu-015"",UUID=""GPU-fd4ddd9a-4ebc-3875-7552-059c3858b041"",__name__=""DCGM_FI_DEV_MEM_COPY_UTIL"",device=""nvidia7"",gpu=""7"",instance=""mtv5-dgx1-hgpu-015:9400"",job=""dgx_dcgm_exporter"",modelName=""NVIDIA H100 80GB HBM3"""
"2025-07-18T20:42:34Z","DCGM_FI_DEV_MEM_COPY_UTIL","1","nvidia1","GPU-7be71fb5-765d-d0bb-6dad-5f85abfecf8c","NVIDIA H100 80GB HBM3","mtv5-dgx1-hgpu-005","","","","0","DCGM_FI_DRIVER_VERSION=""535.129.03"",Hostname=""mtv5-dgx1-hgpu-005"",UUID=""GPU-7be71fb5-765d-d0bb-6dad-5f85abfecf8c"",__name__=""DCGM_FI_DEV_MEM_COPY_UTIL"",device=""nvidia1"",gpu=""1"",instance=""mtv5-dgx1-hgpu-005:9400"",job=""dgx_dcgm_exporter"",modelName=""NVIDIA H100 80GB HBM3"""
"2025-07-18T20:42:34Z","DCGM_FI_DEV_MEM_COPY_UTIL","2","nvidia2","GPU-28ac2a82-53d6-7400-23a6-6bc07d98e3cd","NVIDIA H100 80GB HBM3","mtv5-dgx1-hgpu-005","","","","0","DCGM_FI_DRIVER_VERSION=""535.129.03"",Hostname=""mtv5-dgx1-hgpu-005"",UUID=""GPU-28ac2a82-53d6-7400-23a6-6bc07d98e3cd"",__name__=""DCGM_FI_DEV_MEM_COPY_UTIL"",device=""nvidia2"",gpu=""2"",instance=""mtv5-dgx1-hgpu-005:9400"",job=""dgx_dcgm_exporter"",modelName=""NVIDIA H100 80GB HBM3"""
"2025-07-18T20:42:34Z","DCGM_FI_DEV_MEM_COPY_UTIL","3","nvidia3","GPU-325b395e-d4de-c354-33e9-c23e50e97f4a","NVIDIA H100 80GB HBM3","mtv5-dgx1-hgpu-005","","","","0","DCGM_FI_DRIVER_VERSION=""535.129.03"",Hostname=""mtv5-dgx1-hgpu-005"",UUID=""GPU-325b395e-d4de-c354-33e9-c23e50e97f4a"",__name__=""DCGM_FI_DEV_MEM_COPY_UTIL"",device=""nvidia3"",gpu=""3"",instance=""mtv5-dgx1-hgpu-005:9400"",job=""dgx_dcgm_exporter"",modelName=""NVIDIA H100 80GB HBM3"""
"2025-07-18T20:42:34Z","DCGM_FI_DEV_MEM_COPY_UTIL","4","nvidia4","GPU-3e739853-98ac-74e8-14b5-4547d4392d08","NVIDIA H100 80GB HBM3","mtv5-dgx1-hgpu-005","","","","0","DCGM_FI_DRIVER_VERSION=""535.129.03"",Hostname=""mtv5-dgx1-hgpu-005"",UUID=""GPU-3e739853-98ac-74e8-14b5-4547d4392d08"",__name__=""DCGM_FI_DEV_MEM_COPY_UTIL"",device=""nvidia4"",gpu=""4"",instance=""mtv5-dgx1-hgpu-005:9400"",job=""dgx_dcgm_exporter"",modelName=""NVIDIA H100 80GB HBM3"""
"2025-07-18T20:42:34Z","DCGM_FI_DEV_MEM_COPY_UTIL","5","nvidia5","GPU-1d575378-cb75-7c57-31b2-9fe05c565965","NVIDIA H100 80GB HBM3","mtv5-dgx1-hgpu-005","","","","0","DCGM_FI_DRIVER_VERSION=""535.129.03"",Hostname=""mtv5-dgx1-hgpu-005"",UUID=""GPU-1d575378-cb75-7c57-31b2-9fe05c565965"",__name__=""DCGM_FI_DEV_MEM_COPY_UTIL"",device=""nvidia5"",gpu=""5"",instance=""mtv5-dgx1-hgpu-005:9400"",job=""dgx_dcgm_exporter"",modelName=""NVIDIA H100 80GB HBM3"""
"2025-07-18T20:42:34Z","DCGM_FI_DEV_MEM_COPY_UTIL","6","nvidia6","GPU-5cff564a-8ce8-c9a2-e0e6-80e6f86841a3","NVIDIA H100 80GB HBM3","mtv5-dgx1-hgpu-005","","","","0","DCGM_FI_DRIVER_VERSION=""535.129.03"",Hostname=""mtv5-dgx1-hgpu-005"",UUID=""GPU-5cff564a-8ce8-c9a2-e0e6-80e6f86841a3"",__name__=""DCGM_FI_DEV_MEM_COPY_UTIL"",device=""nvidia6"",gpu=""6"",instance=""mtv5-dgx1-hgpu-005:9400"",job=""dgx_dcgm_exporter"",modelName=""NVIDIA H100 80GB HBM3"""
"2025-07-18T20:42:34Z","DCGM_FI_DEV_MEM_COPY_UTIL","7","nvidia7","GPU-6535db87-79b2-262b-8dd1-33ef3767f5d4","NVIDIA H100 80GB HBM3","mtv5-dgx1-hgpu-005","","","","0","DCGM_FI_DRIVER_VERSION=""535.129.03"",Hostname=""mtv5-dgx1-hgpu-005"",UUID=""GPU-6535db87-79b2-262b-8dd1-33ef3767f5d4"",__name__=""DCGM_FI_DEV_MEM_COPY_UTIL"",device=""nvidia7"",gpu=""7"",instance=""mtv5-dgx1-hgpu-005:9400"",job=""dgx_dcgm_exporter"",modelName=""NVIDIA H100 80GB HBM3"""
"2025-07-18T20:42:34Z","DCGM_FI_DEV_MEM_COPY_UTIL","0","nvidia0","GPU-0e10267e-8ed2-065c-06fa-e9a19b02128c","NVIDIA H100 80GB HBM3","mtv5-dgx1-hgpu-004","","","","0","DCGM_FI_DRIVER_VERSION=""535.129.03"",Hostname=""mtv5-dgx1-hgpu-004"",UUID=""GPU-0e10267e-8ed2-065c-06fa-e9a19b02128c"",__name__=""DCGM_FI_DEV_MEM_COPY_UTIL"",device=""nvidia0"",gpu=""0"",instance=""mtv5-dgx1-hgpu-004:9400"",job=""dgx_dcgm_exporter"",modelName=""NVIDIA H100 80GB HBM3"""
"2025-07-18T20:42:34Z","DCGM_FI_DEV_MEM_COPY_UTIL","2","nvidia2","GPU-725f6990-7912-8a56-256a-c72ae2b2b311","NVIDIA H100 80GB HBM3","mtv5-dgx1-hgpu-004","","","","0","DCGM_FI_DRIVER_VERSION=""535.129.03"",Hostname=""mtv5-dgx1-hgpu-004"",UUID=""GPU-725f6990-7912-8a56-256a-c72ae2b2b311"",__name__=""DCGM_FI_DEV_MEM_COPY_UTIL"",device=""nvidia2"",gpu=""2"",instance=""mtv5-dgx1-hgpu-004:9400"",job=""dgx_dcgm_exporter"",modelName=""NVIDIA H100 80GB HBM3"""
"2025-07-18T20:42:34Z","DCGM_FI_DEV_MEM_COPY_UTIL","3","nvidia3","GPU-086b6786-2b04-a743-89c5-71055db6c485","NVIDIA H100 80GB HBM3","mtv5-dgx1-hgpu-004","","","","0","DCGM_FI_DRIVER_VERSION=""535.129.03"",Hostname=""mtv5-dgx1-hgpu-004"",UUID=""GPU-086b6786-2b04-a743-89c5-71055db6c485"",__name__=""DCGM_FI_DEV_MEM_COPY_UTIL"",device=""nvidia3"",gpu=""3"",instance=""mtv5-dgx1-hgpu-004:9400"",job=""dgx_dcgm_exporter"",modelName=""NVIDIA H100 80GB HBM3"""
"2025-07-18T20:42:34Z","DCGM_FI_DEV_MEM_COPY_UTIL","4","nvidia4","GPU-4b078bc6-e939-6e08-23c3-1e20034b2ea7","NVIDIA H100 80GB HBM3","mtv5-dgx1-hgpu-004","","","","0","DCGM_FI_DRIVER_VERSION=""535.129.03"",Hostname=""mtv5-dgx1-hgpu-004"",UUID=""GPU-4b078bc6-e939-6e08-23c3-1e20034b2ea7"",__name__=""DCGM_FI_DEV_MEM_COPY_UTIL"",device=""nvidia4"",gpu=""4"",instance=""mtv5-dgx1-hgpu-004:9400"",job=""dgx_dcgm_exporter"",modelName=""NVIDIA H100 80GB HBM3"""
"2025-07-18T20:42:34Z","DCGM_FI_DEV_MEM_COPY_UTIL","5","nvidia5","GPU-3173dfcd-5aa5-ca7f-3202-43bebd14f37f","NVIDIA H100 80GB HBM3","mtv5-dgx1-hgpu-004","","","","0","DCGM_FI_DRIVER_VERSION=""535.129.03"",Hostname=""mtv5-dgx1-hgpu-004"",UUID=""GPU-3173dfcd-5aa5-ca7f-3202-43bebd14f37f"",__name__=""DCGM_FI_DEV_MEM_COPY_UTIL"",device=""nvidia5"",gpu=""5"",instance=""mtv5-dgx1-hgpu-004:9400"",job=""dgx_dcgm_exporter"",modelName=""NVIDIA H100 80GB HBM3"""
"2025-07-18T20:42:34Z","DCGM_FI_DEV_MEM_COPY_UTIL","6","nvidia6","GPU-52f26115-a9d9-37e6-65a4-012a92665f2a","NVIDIA H100 80GB HBM3","mtv5-dgx1-hgpu-004","","","","0","DCGM_FI_DRIVER_VERSION=""535.129.03"",Hostname=""mtv5-dgx1-hgpu-004"",UUID=""GPU-52f26115-a9d9-37e6-65a4-012a92665f2a"",__name__=""DCGM_FI_DEV_MEM_COPY_UTIL"",device=""nvidia6"",gpu=""6"",instance=""mtv5-dgx1-hgpu-004:9400"",job=""dgx_dcgm_exporter"",modelName=""NVIDIA H100 80GB HBM3"""
"2025-07-18T20:42:34Z","DCGM_FI_DEV_MEM_COPY_UTIL","7","nvidia7","GPU-d6f7e880-ba7f-0e20-0b21-f8db2bd7a410","NVIDIA H100 80GB HBM3","mtv5-dgx1-hgpu-004","","","","0","DCGM_FI_DRIVER_VERSION=""535.129.03"",Hostname=""mtv5-dgx1-hgpu-004"",UUID=""GPU-d6f7e880-ba7f-0e20-0b21-f8db2bd7a410"",__name__=""DCGM_FI_DEV_MEM_COPY_UTIL"",device=""nvidia7"",gpu=""7"",instance=""mtv5-dgx1-hgpu-004:9400"",job=""dgx_dcgm_exporter"",modelName=""NVIDIA H100 80GB HBM3"""
"2025-07-18T20:42:34Z","DCGM_FI_DEV_MEM_COPY_UTIL","2","nvidia2","GPU-cce7fc0f-a07f-7fe9-3581-159db55a3f3d","NVIDIA H100 80GB HBM3","mtv5-dgx1-hgpu-022","","","","0","DCGM_FI_DRIVER_VERSION=""535.129.03"",Hostname=""mtv5-dgx1-hgpu-022"",UUID=""GPU-cce7fc0f-a07f-7fe9-3581-159db55a3f3d"",__name__=""DCGM_FI_DEV_MEM_COPY_UTIL"",device=""nvidia2"",gpu=""2"",instance=""mtv5-dgx1-hgpu-022:9400"",job=""dgx_dcgm_exporter"",modelName=""NVIDIA H100 80GB HBM3"""
"2025-07-18T20:42:34Z","DCGM_FI_DEV_MEM_COPY_UTIL","3","nvidia3","GPU-75454f4c-de95-8915-0cf9-93dced3b7757","NVIDIA H100 80GB HBM3","mtv5-dgx1-hgpu-022","","","","0","DCGM_FI_DRIVER_VERSION=""535.129.03"",Hostname=""mtv5-dgx1-hgpu-022"",UUID=""GPU-75454f4c-de95-8915-0cf9-93dced3b7757"",__name__=""DCGM_FI_DEV_MEM_COPY_UTIL"",device=""nvidia3"",gpu=""3"",instance=""mtv5-dgx1-hgpu-022:9400"",job=""dgx_dcgm_exporter"",modelName=""NVIDIA H100 80GB HBM3"""
"2025-07-18T20:42:34Z","DCGM_FI_DEV_MEM_COPY_UTIL","5","nvidia5","GPU-62120fe8-5a35-8f20-4b1e-936e70e86efc","NVIDIA H100 80GB HBM3","mtv5-dgx1-hgpu-022","","","","0","DCGM_FI_DRIVER_VERSION=""535.129.03"",Hostname=""mtv5-dgx1-hgpu-022"",UUID=""GPU-62120fe8-5a35-8f20-4b1e-936e70e86efc"",__name__=""DCGM_FI_DEV_MEM_COPY_UTIL"",device=""nvidia5"",gpu=""5"",instance=""mtv5-dgx1-hgpu-022:9400"",job=""dgx_dcgm_exporter"",modelName=""NVIDIA H100 80GB HBM3"""
"2025-07-18T20:42:34Z","DCGM_FI_DEV_MEM_COPY_UTIL","6","nvidia6","GPU-4241eef8-278e-57cc-32c6-f572bff49ae3","NVIDIA H100 80GB HBM3","mtv5-dgx1-hgpu-022","","","","0","DCGM_FI_DRIVER_VERSION=""535.129.03"",Hostname=""mtv5-dgx1-hgpu-022"",UUID=""GPU-4241eef8-278e-57cc-32c6-f572bff49ae3"",__name__=""DCGM_FI_DEV_MEM_COPY_UTIL"",device=""nvidia6"",gpu=""6"",instance=""mtv5-dgx1-hgpu-022:9400"",job=""dgx_dcgm_exporter"",modelName=""NVIDIA H100 80GB HBM3"""
"2025-07-18T20:42:34Z","DCGM_FI_DEV_MEM_COPY_UTIL","7","nvidia7","GPU-8cc1b380-7eab-048c-c7d8-f3eb07dc6e12","NVIDIA H100 80GB HBM3","mtv5-dgx1-hgpu-022","","","","0","DCGM_FI_DRIVER_VERSION=""535.129.03"",Hostname=""mtv5-dgx1-hgpu-022"",UUID=""GPU-8cc1b380-7eab-048c-c7d8-f3eb07dc6e12"",__name__=""DCGM_FI_DEV_MEM_COPY_UTIL"",device=""nvidia7"",gpu=""7"",instance=""mtv5-dgx1-hgpu-022:9400"",job=""dgx_dcgm_exporter"",modelName=""NVIDIA H100 80GB HBM3"""
"2025-07-18T20:42:34Z","DCGM_FI_DEV_MEM_COPY_UTIL","0","nvidia0","GPU-881c5ca1-be8e-a038-7f9e-3af3c143d344","NVIDIA H100 80GB HBM3","mtv5-dgx1-hgpu-023","","","","35","DCGM_FI_DRIVER_VERSION=""535.129.03"",Hostname=""mtv5-dgx1-hgpu-023"",UUID=""GPU-881c5ca1-be8e-a038-7f9e-3af3c143d344"",__name__=""DCGM_FI_DEV_MEM_COPY_UTIL"",device=""nvidia0"",gpu=""0"",instance=""mtv5-dgx1-hgpu-023:9400"",job=""dgx_dcgm_exporter"",modelName=""NVIDIA H100 80GB HBM3"""
"2025-07-18T20:42:34Z","DCGM_FI_DEV_MEM_COPY_UTIL","1","nvidia1","GPU-533c6f75-da55-54b1-4c75-c22e3aa33dc7","NVIDIA H100 80GB HBM3","mtv5-dgx1-hgpu-023","","","","34","DCGM_FI_DRIVER_VERSION=""535.129.03"",Hostname=""mtv5-dgx1-hgpu-023"",UUID=""GPU-533c6f75-da55-54b1-4c75-c22e3aa33dc7"",__name__=""DCGM_FI_DEV_MEM_COPY_UTIL"",device=""nvidia1"",gpu=""1"",instance=""mtv5-dgx1-hgpu-023:9400"",job=""dgx_dcgm_exporter"",modelName=""NVIDIA H100 80GB HBM3"""
"2025-07-18T20:42:34Z","DCGM_FI_DEV_MEM_COPY_UTIL","2","nvidia2","GPU-30db7d55-64ff-00ef-ad48-f7c10fe0e7ba","NVIDIA H100 80GB HBM3","mtv5-dgx1-hgpu-023","","","","40","DCGM_FI_DRIVER_VERSION=""535.129.03"",Hostname=""mtv5-dgx1-hgpu-023"",UUID=""GPU-30db7d55-64ff-00ef-ad48-f7c10fe0e7ba"",__name__=""DCGM_FI_DEV_MEM_COPY_UTIL"",device=""nvidia2"",gpu=""2"",instance=""mtv5-dgx1-hgpu-023:9400"",job=""dgx_dcgm_exporter"",modelName=""NVIDIA H100 80GB HBM3"""
"2025-07-18T20:42:34Z","DCGM_FI_DEV_MEM_COPY_UTIL","3","nvidia3","GPU-a7aa7b6d-db5c-6e47-7b33-eac039fcfdb2","NVIDIA H100 80GB HBM3","mtv5-dgx1-hgpu-023","","","","43","DCGM_FI_DRIVER_VERSION=""535.129.03"",Hostname=""mtv5-dgx1-hgpu-023"",UUID=""GPU-a7aa7b6d-db5c-6e47-7b33-eac039fcfdb2"",__name__=""DCGM_FI_DEV_MEM_COPY_UTIL"",device=""nvidia3"",gpu=""3"",instance=""mtv5-dgx1-hgpu-023:9400"",job=""dgx_dcgm_exporter"",modelName=""NVIDIA H100 80GB HBM3"""
"2025-07-18T20:42:34Z","DCGM_FI_DEV_MEM_COPY_UTIL","4","nvidia4","GPU-d0efdad3-9e0d-c565-4169-c3ef8b562c5b","NVIDIA H100 80GB HBM3","mtv5-dgx1-hgpu-023","","","","35","DCGM_FI_DRIVER_VERSION=""535.129.03"",Hostname=""mtv5-dgx1-hgpu-023"",UUID=""GPU-d0efdad3-9e0d-c565-4169-c3ef8b562c5b"",__name__=""DCGM_FI_DEV_MEM_COPY_UTIL"",device=""nvidia4"",gpu=""4"",instance=""mtv5-dgx1-hgpu-023:9400"",job=""dgx_dcgm_exporter"",modelName=""NVIDIA H100 80GB HBM3"""
"2025-07-18T20:42:34Z","DCGM_FI_DEV_MEM_COPY_UTIL","5","nvidia5","GPU-39bd9cd5-4893-dd40-aed2-0d6f6040457e","NVIDIA H100 80GB HBM3","mtv5-dgx1-hgpu-023","","","","35","DCGM_FI_DRIVER_VERSION=""535.129.03"",Hostname=""mtv5-dgx1-hgpu-023"",UUID=""GPU-39bd9cd5-4893-dd40-aed2-0d6f6040457e"",__name__=""DCGM_FI_DEV_MEM_COPY_UTIL"",device=""nvidia5"",gpu=""5"",instance=""mtv5-dgx1-hgpu-023:9400"",job=""dgx_dcgm_exporter"",modelName=""NVIDIA H100 80GB HBM3"""
"2025-07-18T20:42:34Z","DCGM_FI_DEV_MEM_COPY_UTIL","6","nvidia6","GPU-04c66791-3c3a-926b-c7f2-d2212e04ce30","NVIDIA H100 80GB HBM3","mtv5-dgx1-hgpu-023","","","","44","DCGM_FI_DRIVER_VERSION=""535.129.03"",Hostname=""mtv5-dgx1-hgpu-023"",UUID=""GPU-04c66791-3c3a-926b-c7f2-d2212e04ce30"",__name__=""DCGM_FI_DEV_MEM_COPY_UTIL"",device=""nvidia6"",gpu=""6"",instance=""mtv5-dgx1-hgpu-023:9400"",job=""dgx_dcgm_exporter"",modelName=""NVIDIA H100 80GB HBM3"""
"2025-07-18T20:42:34Z","DCGM_FI_DEV_MEM_COPY_UTIL","7","nvidia7","GPU-0615bf87-0945-cffd-8682-d54f56d7729f","NVIDIA H100 80GB HBM3","mtv5-dgx1-hgpu-023","","","","36","DCGM_FI_DRIVER_VERSION=""535.129.03"",Hostname=""mtv5-dgx1-hgpu-023"",UUID=""GPU-0615bf87-0945-cffd-8682-d54f56d7729f"",__name__=""DCGM_FI_DEV_MEM_COPY_UTIL"",device=""nvidia7"",gpu=""7"",instance=""mtv5-dgx1-hgpu-023:9400"",job=""dgx_dcgm_exporter"",modelName=""NVIDIA H100 80GB HBM3"""
"2025-07-18T20:42:34Z","DCGM_FI_DEV_MEM_COPY_UTIL","2","nvidia2","GPU-7fd99096-cfeb-2c95-68eb-9fe240ae4dc8","NVIDIA H100 80GB HBM3","mtv5-dgx1-hgpu-017","","","","66","DCGM_FI_DRIVER_VERSION=""535.129.03"",Hostname=""mtv5-dgx1-hgpu-017"",UUID=""GPU-7fd99096-cfeb-2c95-68eb-9fe240ae4dc8"",__name__=""DCGM_FI_DEV_MEM_COPY_UTIL"",device=""nvidia2"",gpu=""2"",instance=""mtv5-dgx1-hgpu-017:9400"",job=""dgx_dcgm_exporter"",modelName=""NVIDIA H100 80GB HBM3"""
"2025-07-18T20:42:34Z","DCGM_FI_DEV_MEM_COPY_UTIL","0","nvidia0","GPU-f6940597-3774-a486-0c5d-eb30af595bc8","NVIDIA H100 80GB HBM3","mtv5-dgx1-hgpu-005","","","","0","DCGM_FI_DRIVER_VERSION=""535.129.03"",Hostname=""mtv5-dgx1-hgpu-005"",UUID=""GPU-f6940597-3774-a486-0c5d-eb30af595bc8"",__name__=""DCGM_FI_DEV_MEM_COPY_UTIL"",device=""nvidia0"",gpu=""0"",instance=""mtv5-dgx1-hgpu-005:9400"",job=""dgx_dcgm_exporter"",modelName=""NVIDIA H100 80GB HBM3"""
"2025-07-18T20:42:34Z","DCGM_FI_DEV_MEM_COPY_UTIL","4","nvidia4","GPU-56594dd4-3dec-b01f-9e0e-93fb4f4b7c80","NVIDIA H100 80GB HBM3","mtv5-dgx1-hgpu-031","","","","77","DCGM_FI_DRIVER_VERSION=""535.129.03"",Hostname=""mtv5-dgx1-hgpu-031"",UUID=""GPU-56594dd4-3dec-b01f-9e0e-93fb4f4b7c80"",__name__=""DCGM_FI_DEV_MEM_COPY_UTIL"",device=""nvidia4"",gpu=""4"",instance=""mtv5-dgx1-hgpu-031:9400"",job=""dgx_dcgm_exporter"",modelName=""NVIDIA H100 80GB HBM3"""
"2025-07-18T20:42:34Z","DCGM_FI_DEV_MEM_COPY_UTIL","3","nvidia3","GPU-9d2cdee7-d015-fe1e-fc49-a1f5e8689a7f","NVIDIA H100 80GB HBM3","mtv5-dgx1-hgpu-016","","","","77","DCGM_FI_DRIVER_VERSION=""535.129.03"",Hostname=""mtv5-dgx1-hgpu-016"",UUID=""GPU-9d2cdee7-d015-fe1e-fc49-a1f5e8689a7f"",__name__=""DCGM_FI_DEV_MEM_COPY_UTIL"",device=""nvidia3"",gpu=""3"",instance=""mtv5-dgx1-hgpu-016:9400"",job=""dgx_dcgm_exporter"",modelName=""NVIDIA H100 80GB HBM3"""
"2025-07-18T20:42:34Z","DCGM_FI_DEV_MEM_COPY_UTIL","0","nvidia0","GPU-34987da7-2aa5-074a-e89f-942facb675a3","NVIDIA H100 80GB HBM3","mtv5-dgx1-hgpu-024","","","","72","DCGM_FI_DRIVER_VERSION=""535.129.03"",Hostname=""mtv5-dgx1-hgpu-024"",UUID=""GPU-34987da7-2aa5-074a-e89f-942facb675a3"",__name__=""DCGM_FI_DEV_MEM_COPY_UTIL"",device=""nvidia0"",gpu=""0"",instance=""mtv5-dgx1-hgpu-024:9400"",job=""dgx_dcgm_exporter"",modelName=""NVIDIA H100 80GB HBM3"""
"2025-07-18T20:42:34Z","DCGM_FI_DEV_MEM_COPY_UTIL","1","nvidia1","GPU-e12e600e-9569-45d6-275c-c1d77abd4e08","NVIDIA H100 80GB HBM3","mtv5-dgx1-hgpu-024","","","","73","DCGM_FI_DRIVER_VERSION=""535.129.03"",Hostname=""mtv5-dgx1-hgpu-024"",UUID=""GPU-e12e600e-9569-45d6-275c-c1d77abd4e08"",__name__=""DCGM_FI_DEV_MEM_COPY_UTIL"",device=""nvidia1"",gpu=""1"",instance=""mtv5-dgx1-hgpu-024:9400"",job=""dgx_dcgm_exporter"",modelName=""NVIDIA H100 80GB HBM3"""
"2025-07-18T20:42:34Z","DCGM_FI_DEV_MEM_COPY_UTIL","2","nvidia2","GPU-417bc14b-0721-a915-5c8b-6c7e4c6132b8","NVIDIA H100 80GB HBM3","mtv5-dgx1-hgpu-024","","","","73","DCGM_FI_DRIVER_VERSION=""535.129.03"",Hostname=""mtv5-dgx1-hgpu-024"",UUID=""GPU-417bc14b-0721-a915-5c8b-6c7e4c6132b8"",__name__=""DCGM_FI_DEV_MEM_COPY_UTIL"",device=""nvidia2"",gpu=""2"",instance=""mtv5-dgx1-hgpu-024:9400"",job=""dgx_dcgm_exporter"",modelName=""NVIDIA H100 80GB HBM3"""
"2025-07-18T20:42:34Z","DCGM_FI_DEV_MEM_COPY_UTIL","3","nvidia3","GPU-8a138b77-99a3-9809-7e32-7ca4929ff01a","NVIDIA H100 80GB HBM3","mtv5-dgx1-hgpu-024","","","","66","DCGM_FI_DRIVER_VERSION=""535.129.03"",Hostname=""mtv5-dgx1-hgpu-024"",UUID=""GPU-8a138b77-99a3-9809-7e32-7ca4929ff01a"",__name__=""DCGM_FI_DEV_MEM_COPY_UTIL"",device=""nvidia3"",gpu=""3"",instance=""mtv5-dgx1-hgpu-024:9400"",job=""dgx_dcgm_exporter"",modelName=""NVIDIA H100 80GB HBM3"""
"2025-07-18T20:42:34Z","DCGM_FI_DEV_MEM_COPY_UTIL","4","nvidia4","GPU-a70c69f5-0174-2b84-c860-417f36d9b479","NVIDIA H100 80GB HBM3","mtv5-dgx1-hgpu-024","","","","25","DCGM_FI_DRIVER_VERSION=""535.129.03"",Hostname=""mtv5-dgx1-hgpu-024"",UUID=""GPU-a70c69f5-0174-2b84-c860-417f36d9b479"",__name__=""DCGM_FI_DEV_MEM_COPY_UTIL"",device=""nvidia4"",gpu=""4"",instance=""mtv5-dgx1-hgpu-024:9400"",job=""dgx_dcgm_exporter"",modelName=""NVIDIA H100 80GB HBM3"""
"2025-07-18T20:42:34Z","DCGM_FI_DEV_MEM_COPY_UTIL","5","nvidia5","GPU-1707ce65-4a16-871d-76d0-d0612240d51a","NVIDIA H100 80GB HBM3","mtv5-dgx1-hgpu-024","","","","34","DCGM_FI_DRIVER_VERSION=""535.129.03"",Hostname=""mtv5-dgx1-hgpu-024"",UUID=""GPU-1707ce65-4a16-871d-76d0-d0612240d51a"",__name__=""DCGM_FI_DEV_MEM_COPY_UTIL"",device=""nvidia5"",gpu=""5"",instance=""mtv5-dgx1-hgpu-024:9400"",job=""dgx_dcgm_exporter"",modelName=""NVIDIA H100 80GB HBM3"""
"2025-07-18T20:42:34Z","DCGM_FI_DEV_MEM_COPY_UTIL","6","nvidia6","GPU-e2728786-d81c-2b21-63ec-a448f4329cda","NVIDIA H100 80GB HBM3","mtv5-dgx1-hgpu-024","","","","0","DCGM_FI_DRIVER_VERSION=""535.129.03"",Hostname=""mtv5-dgx1-hgpu-024"",UUID=""GPU-e2728786-d81c-2b21-63ec-a448f4329cda"",__name__=""DCGM_FI_DEV_MEM_COPY_UTIL"",device=""nvidia6"",gpu=""6"",instance=""mtv5-dgx1-hgpu-024:9400"",job=""dgx_dcgm_exporter"",modelName=""NVIDIA H100 80GB HBM3"""
"2025-07-18T20:42:34Z","DCGM_FI_DEV_MEM_COPY_UTIL","7","nvidia7","GPU-e8e22d2b-052c-e1c5-57f9-5cf05c46c906","NVIDIA H100 80GB HBM3","mtv5-dgx1-hgpu-024","","","","0","DCGM_FI_DRIVER_VERSION=""535.129.03"",Hostname=""mtv5-dgx1-hgpu-024"",UUID=""GPU-e8e22d2b-052c-e1c5-57f9-5cf05c46c906"",__name__=""DCGM_FI_DEV_MEM_COPY_UTIL"",device=""nvidia7"",gpu=""7"",instance=""mtv5-dgx1-hgpu-024:9400"",job=""dgx_dcgm_exporter"",modelName=""NVIDIA H100 80GB HBM3"""
"2025-07-18T20:42:34Z","DCGM_FI_DEV_MEM_COPY_UTIL","0","nvidia0","GPU-695fbe1e-f870-a369-7ee2-58d02593c6f3","NVIDIA H100 80GB HBM3","mtv5-dgx1-hgpu-018","","","","0","DCGM_FI_DRIVER_VERSION=""535.129.03"",Hostname=""mtv5-dgx1-hgpu-018"",UUID=""GPU-695fbe1e-f870-a369-7ee2-58d02593c6f3"",__name__=""DCGM_FI_DEV_MEM_COPY_UTIL"",device=""nvidia0"",gpu=""0"",instance=""mtv5-dgx1-hgpu-018:9400"",job=""dgx_dcgm_exporter"",modelName=""NVIDIA H100 80GB HBM3"""
"2025-07-18T20:42:34Z","DCGM_FI_DEV_MEM_COPY_UTIL","1","nvidia1","GPU-392b57fc-a053-1f5d-f3e2-0f260f15b96f","NVIDIA H100 80GB HBM3","mtv5-dgx1-hgpu-018","","","","0","DCGM_FI_DRIVER_VERSION=""535.129.03"",Hostname=""mtv5-dgx1-hgpu-018"",UUID=""GPU-392b57fc-a053-1f5d-f3e2-0f260f15b96f"",__name__=""DCGM_FI_DEV_MEM_COPY_UTIL"",device=""nvidia1"",gpu=""1"",instance=""mtv5-dgx1-hgpu-018:9400"",job=""dgx_dcgm_exporter"",modelName=""NVIDIA H100 80GB HBM3"""
"2025-07-18T20:42:34Z","DCGM_FI_DEV_MEM_COPY_UTIL","2","nvidia2","GPU-3a7d7446-86ef-f0c2-aa40-7a4726b83635","NVIDIA H100 80GB HBM3","mtv5-dgx1-hgpu-018","","","","0","DCGM_FI_DRIVER_VERSION=""535.129.03"",Hostname=""mtv5-dgx1-hgpu-018"",UUID=""GPU-3a7d7446-86ef-f0c2-aa40-7a4726b83635"",__name__=""DCGM_FI_DEV_MEM_COPY_UTIL"",device=""nvidia2"",gpu=""2"",instance=""mtv5-dgx1-hgpu-018:9400"",job=""dgx_dcgm_exporter"",modelName=""NVIDIA H100 80GB HBM3"""
"2025-07-18T20:42:34Z","DCGM_FI_DEV_MEM_COPY_UTIL","3","nvidia3","GPU-3ad48999-64c7-b5be-7b5a-047bb69e7025","NVIDIA H100 80GB HBM3","mtv5-dgx1-hgpu-018","","","","0","DCGM_FI_DRIVER_VERSION=""535.129.03"",Hostname=""mtv5-dgx1-hgpu-018"",UUID=""GPU-3ad48999-64c7-b5be-7b5a-047bb69e7025"",__name__=""DCGM_FI_DEV_MEM_COPY_UTIL"",device=""nvidia3"",gpu=""3"",instance=""mtv5-dgx1-hgpu-018:9400"",job=""dgx_dcgm_exporter"",modelName=""NVIDIA H100 80GB HBM3"""
"2025-07-18T20:42:34Z","DCGM_FI_DEV_MEM_COPY_UTIL","4","nvidia4","GPU-4ec054dd-df9e-ae94-269e-f1debdaadde1","NVIDIA H100 80GB HBM3","mtv5-dgx1-hgpu-018","","","","0","DCGM_FI_DRIVER_VERSION=""535.129.03"",Hostname=""mtv5-dgx1-hgpu-018"",UUID=""GPU-4ec054dd-df9e-ae94-269e-f1debdaadde1"",__name__=""DCGM_FI_DEV_MEM_COPY_UTIL"",device=""nvidia4"",gpu=""4"",instance=""mtv5-dgx1-hgpu-018:9400"",job=""dgx_dcgm_exporter"",modelName=""NVIDIA H100 80GB HBM3"""
"2025-07-18T20:42:34Z","DCGM_FI_DEV_MEM_COPY_UTIL","5","nvidia5","GPU-be8d73d1-4501-2af5-98ee-92bfbd6240cd","NVIDIA H100 80GB HBM3","mtv5-dgx1-hgpu-018","","","","0","DCGM_FI_DRIVER_VERSION=""535.129.03"",Hostname=""mtv5-dgx1-hgpu-018"",UUID=""GPU-be8d73d1-4501-2af5-98ee-92bfbd6240cd"",__name__=""DCGM_FI_DEV_MEM_COPY_UTIL"",device=""nvidia5"",gpu=""5"",instance=""mtv5-dgx1-hgpu-018:9400"",job=""dgx_dcgm_exporter"",modelName=""NVIDIA H100 80GB HBM3"""
